date,TAVG:1:,TMAX:1:,TMIN:1:,PRCP:1:,SMS:1:-2,SMS:1:-4,SMS:1:-8,SMS:1:-20,SMS:1:-40,STO:1:-2,STO:2:-2,STO:1:-4,STO:2:-4,STO:1:-8,STO:2:-8,STO:1:-20,STO:2:-20,STO:1:-40,STO:2:-40,WDIRV:1:,WSPDV:1:,RHENC:1:
2013-07-26,67.8,94.1,40.8,,13.0,16.4,24.4,33.0,41.7,72,72,76,75,74,74,68,68,63,63,124,3.1,22
2013-07-27,65.1,85.1,43.2,0.0,12.6,16.5,24.5,33.0,40.5,71,71,74,74,73,74,68,68,63,63,292,4.6,20
2013-07-29,62.4,85.1,37.6,0.0,12.0,16.2,24.5,33.0,40.7,71,72,74,74,73,73,68,68,63,63,341,2.2,22
2013-07-30,65.1,87.4,43.9,0.0,11.6,16.5,24.5,32.8,40.4,71,71,74,74,73,73,68,68,64,64,336,2.7,22
2013-07-31,70.3,90.3,43.9,0.0,11.2,16.0,24.2,32.8,40.8,71,71,73,73,72,72,68,68,64,64,8,4.4,21
2013-08-01,60.6,75.2,46.0,0.11,11.5,15.6,23.7,32.9,41.7,65,65,67,67,68,68,67,68,64,64,95,4.2,43
2013-08-04,65.3,85.5,44.4,0.0,11.9,16.1,23.8,32.1,42.1,68,68,71,71,70,70,65,65,63,63,128,3.0,43
2013-08-05,67.6,87.4,45.0,0.0,12.0,16.2,24.1,32.9,42.1,70,70,73,73,71,71,66,66,63,63,318,3.3,31
2013-08-06,69.4,91.2,47.1,0.0,11.9,16.4,24.2,32.7,42.1,72,72,75,74,73,73,67,67,63,63,43,2.3,26
2013-08-07,68.0,90.9,44.8,0.0,11.8,16.2,24.0,32.8,41.5,72,72,75,75,73,74,67,68,63,63,327,2.5,23
2013-08-08,69.1,90.9,43.3,0.0,11.3,16.1,24.0,32.6,41.5,73,73,75,75,73,73,68,68,63,63,6,2.8,22
2013-08-09,73.9,93.4,50.9,0.0,11.1,15.7,23.9,32.7,42.3,76,76,77,77,74,74,68,69,64,64,129,2.9,23
2013-08-10,75.2,92.1,53.6,0.0,10.8,15.8,24.3,32.5,41.7,76,76,77,77,75,75,69,69,64,64,313,4.5,25
2013-08-11,70.5,86.5,51.6,0.0,10.5,15.6,24.4,33.0,41.7,74,74,76,76,75,75,69,70,64,64,319,3.6,30
2013-08-12,69.8,89.2,51.3,0.0,10.7,15.5,24.3,32.8,41.1,74,74,76,76,75,75,69,70,64,64,326,2.6,29
2013-08-13,70.7,89.8,51.8,0.0,10.4,15.4,24.0,32.8,41.7,74,74,77,77,75,75,70,70,64,65,1,2.8,27
2013-08-14,75.6,97.0,50.2,0.0,10.4,15.6,24.0,32.6,41.3,75,75,77,77,75,75,70,70,65,65,120,4.3,25
2013-08-15,71.6,93.2,49.1,0.0,10.2,15.2,24.5,32.9,41.3,75,75,77,77,76,76,70,70,65,65,4,2.6,21
2013-08-16,70.5,87.4,50.2,0.02,9.7,15.0,24.0,32.9,43.1,76,77,78,78,76,76,70,71,65,65,318,3.4,24
2013-08-17,69.8,85.1,51.8,0.0,10.2,14.9,24.1,32.7,43.1,73,73,76,76,75,75,70,71,65,65,230,4.2,33
2013-08-18,66.2,84.2,47.1,0.0,9.6,14.9,23.9,32.9,42.5,72,72,75,75,74,75,70,70,65,65,248,4.0,28
2013-08-23,66.4,80.4,48.2,0.0,9.5,14.7,23.3,32.5,41.9,67,67,70,70,71,71,69,69,65,66,175,5.5,40
2013-08-24,65.8,82.6,43.0,0.0,9.8,14.7,23.7,32.7,42.5,70,70,73,72,71,71,68,68,65,65,312,4.3,29
2013-08-25,65.8,85.1,46.8,0.07,9.8,14.5,23.8,32.7,42.5,70,70,72,72,71,72,68,69,65,65,345,3.2,31
2013-08-26,63.3,81.5,46.0,0.0,9.5,14.5,23.5,32.7,41.9,67,67,70,70,70,71,68,68,65,65,93,3.2,42
2013-08-27,65.8,86.4,43.0,0.0,9.9,14.7,23.3,32.6,41.8,69,70,72,72,71,71,68,68,65,65,31,2.2,32
2013-08-28,69.1,86.0,48.9,0.0,9.3,14.7,23.3,32.6,42.5,69,69,72,72,71,71,68,68,65,65,146,4.2,27
2013-08-29,68.5,85.8,51.6,0.0,9.8,14.3,23.3,32.6,41.8,68,68,70,70,70,70,68,68,65,65,156,4.6,28
2013-08-30,64.2,80.6,43.9,0.0,9.6,14.5,23.3,32.6,42.5,67,67,70,70,70,70,68,68,65,65,292,4.4,30
2013-08-31,65.8,88.3,40.5,0.0,9.0,14.2,23.2,32.8,41.8,70,70,72,72,71,71,67,68,65,65,80,2.2,27
2013-09-01,72.5,87.6,47.8,0.0,9.2,14.6,23.5,32.6,42.5,72,72,72,72,71,71,68,68,65,65,112,4.3,22
2013-09-02,67.1,75.0,57.6,0.02,9.1,14.0,23.1,32.8,41.8,66,66,68,68,69,69,68,68,65,65,79,2.8,38
2013-09-03,71.2,81.5,56.7,0.0,9.6,14.1,23.1,32.7,42.5,66,67,69,68,68,68,67,67,65,65,106,4.7,46
2013-09-04,74.1,89.2,53.2,0.0,9.5,14.1,23.2,32.7,42.5,70,70,71,71,69,69,67,67,65,65,70,4.8,38
2013-09-05,66.2,80.6,57.0,0.27,9.3,13.8,23.1,32.7,42.5,65,65,67,67,68,68,67,67,65,65,107,6.2,60
2013-09-06,59.4,66.9,53.4,0.01,9.3,13.7,23.0,32.2,42.5,62,62,64,64,65,66,66,66,64,65,325,3.4,65
2013-09-09,65.3,82.8,48.0,0.0,10.0,13.9,22.7,32.3,42.4,65,65,69,69,68,68,65,65,64,64,114,3.6,41
2013-09-10,69.1,88.0,47.1,0.0,10.2,14.1,23.0,32.2,43.0,68,68,71,71,70,70,66,66,64,64,83,3.6,34
2013-09-11,71.4,95.2,46.9,0.0,10.0,14.1,23.1,32.2,43.0,69,69,71,71,70,71,66,66,64,64,90,2.9,27
2013-09-12,69.8,91.8,48.9,0.0,9.8,14.1,23.2,32.0,43.0,69,69,71,71,70,71,67,67,64,64,80,3.2,23
2013-09-13,68.2,89.4,48.7,0.0,9.6,14.3,23.2,32.7,42.4,69,69,71,71,70,71,67,67,64,64,300,3.4,24
2013-09-14,73.8,93.4,49.6,0.0,9.4,14.0,22.9,32.7,43.0,71,71,72,72,70,71,67,67,64,64,102,4.9,25
2013-09-15,76.5,91.4,60.1,0.11,9.7,14.0,23.0,32.6,42.4,71,71,73,73,71,72,67,68,64,64,113,6.7,26
2013-09-16,60.3,71.4,44.6,0.01,9.7,13.8,22.8,32.8,41.8,62,62,66,66,69,68,67,67,64,64,278,6.9,45
2013-09-17,52.5,65.7,39.9,0.47,17.0,13.7,22.5,32.2,42.5,57,58,61,61,64,65,66,66,64,65,276,6.5,58
2013-09-18,51.4,62.2,43.2,0.03,17.1,14.6,22.4,32.5,41.8,52,52,56,56,61,61,64,64,64,64,236,9.6,69
2013-09-19,56.5,72.1,44.1,0.0,16.4,15.4,22.5,32.1,42.4,56,56,59,59,61,62,63,63,64,64,107,6.1,54
2013-09-20,64.2,83.8,50.4,0.0,15.9,15.9,22.7,32.2,42.4,60,60,62,62,63,63,62,63,63,63,113,7.0,37
2013-09-21,56.8,65.5,40.1,0.0,14.8,15.9,22.4,32.2,43.3,56,56,59,59,62,62,62,63,63,63,210,3.6,43
2013-09-22,52.0,62.4,39.6,0.11,14.7,15.5,22.4,32.4,42.7,56,56,58,58,60,60,62,62,63,63,219,7.1,52
2013-09-23,52.9,61.5,45.0,0.0,14.3,15.2,22.2,32.4,43.3,54,54,56,56,58,59,61,61,62,62,228,7.8,59
2013-09-24,49.6,57.0,44.2,0.43,19.9,18.4,22.2,31.8,42.2,52,53,55,54,57,58,60,60,62,62,191,6.3,71
2013-09-25,46.2,54.1,42.3,0.2,21.7,19.6,22.1,32.0,41.5,51,51,53,53,56,56,59,59,61,61,331,4.9,78
2013-09-26,46.6,59.7,34.2,0.0,20.9,21.6,22.1,31.6,41.5,49,49,52,52,56,56,58,58,61,61,327,3.4,69
2013-09-27,45.9,54.0,34.5,0.06,20.7,21.5,21.9,31.8,41.9,50,50,51,51,54,54,57,58,60,60,159,6.9,73
2013-09-28,51.3,57.7,46.0,0.59,37.5,41.3,22.1,31.8,42.4,52,52,53,53,54,54,57,57,60,60,124,10.1,90
2013-09-29,48.0,52.5,45.1,0.27,35.0,34.3,27.6,31.7,42.3,49,49,50,50,52,53,56,56,59,59,173,10.8,92
2013-09-30,48.9,55.6,42.8,0.3,30.9,31.5,31.4,31.8,41.2,48,48,49,49,52,52,55,56,59,59,234,14.6,71
2013-10-01,44.6,53.6,35.4,0.0,28.3,29.5,30.8,31.6,41.6,45,45,47,47,51,51,55,55,58,58,220,7.9,66
2013-10-02,43.2,54.0,33.3,0.0,26.6,28.5,30.4,31.7,42.1,45,46,48,48,50,51,54,54,58,58,67,6.2,71
2013-10-03,41.2,55.0,30.6,0.0,25.4,27.6,29.9,31.8,42.0,44,45,47,47,50,50,53,53,57,57,292,5.3,64
2013-10-04,41.2,58.1,26.2,0.0,24.6,26.9,29.7,31.8,42.0,45,45,48,48,50,51,53,53,57,57,128,3.6,60
2013-10-05,48.7,64.4,35.6,0.0,24.4,26.2,29.4,31.8,42.3,47,48,50,50,51,51,53,53,57,57,109,7.6,54
2013-10-06,53.4,71.8,36.9,0.0,23.7,25.8,29.2,31.7,42.3,49,49,51,51,52,53,53,53,56,56,115,8.3,43
2013-10-07,49.5,61.9,36.1,0.0,23.3,25.4,29.1,31.8,42.6,49,49,50,50,52,52,53,53,56,56,209,11.1,50
2013-10-08,42.1,46.6,32.7,0.16,23.6,25.3,28.8,31.7,41.1,44,44,46,46,50,50,53,53,56,56,228,6.6,74
2013-10-09,37.9,51.1,27.0,0.01,23.3,25.6,28.5,31.9,42.6,44,44,46,46,49,49,52,52,56,56,252,2.5,75
2013-10-10,43.5,52.9,32.5,0.0,23.5,25.3,28.4,31.9,41.1,46,46,47,47,49,49,52,52,55,55,187,3.7,74
2013-10-11,46.4,53.4,40.8,0.0,23.1,25.3,28.4,31.9,41.0,47,47,49,49,50,50,52,52,55,55,289,2.6,67
2013-10-12,43.0,52.3,30.7,0.01,22.9,24.8,28.3,31.9,41.0,44,45,47,47,50,50,52,52,55,55,10,2.8,69
2013-10-14,37.9,56.7,24.8,0.0,22.3,24.2,28.2,31.4,41.5,42,43,46,46,49,49,51,51,54,54,331,2.2,61
2013-10-15,41.5,57.6,24.1,0.0,22.0,24.2,28.2,31.5,41.5,44,44,46,46,48,48,51,51,54,54,117,4.4,60
2013-10-16,44.1,57.7,28.9,0.0,21.8,24.1,27.8,31.6,41.3,44,44,47,47,49,49,51,51,54,54,99,3.4,57
2013-10-17,40.6,55.6,27.1,0.0,21.7,23.6,28.0,31.4,41.8,44,44,47,46,49,49,51,51,54,54,186,3.3,54
2013-10-18,43.0,59.2,28.2,0.0,21.5,23.3,27.7,31.5,41.3,44,45,47,47,49,49,50,50,53,54,134,4.4,58
2013-10-19,44.6,62.2,31.5,0.0,21.3,23.6,27.5,31.7,41.2,44,45,47,47,49,49,50,50,53,53,112,5.3,57
2013-10-20,45.3,60.6,32.5,0.0,21.2,23.1,27.6,31.5,41.7,46,46,48,48,49,49,50,50,53,53,157,4.0,54
2013-10-21,50.9,66.9,41.0,0.0,21.1,23.0,27.5,31.7,41.7,47,47,49,49,50,50,50,51,53,53,111,6.0,55
2013-10-22,52.2,69.4,39.4,0.0,20.8,22.8,27.5,31.6,41.7,48,48,50,50,51,51,51,51,53,53,114,6.5,54
2013-10-23,52.7,70.9,40.1,0.0,20.9,22.8,27.5,31.4,42.2,48,49,50,50,51,51,51,51,53,53,110,6.5,52
2013-10-24,48.7,67.3,33.6,0.0,20.7,22.7,27.7,31.8,41.7,47,47,49,49,51,51,51,51,53,53,106,4.8,53
2013-10-25,48.0,68.0,33.1,0.0,20.7,22.4,27.4,31.8,42.2,46,47,49,49,51,51,51,51,53,53,113,3.8,52
2013-10-26,46.2,63.7,32.2,0.0,19.9,22.0,27.3,32.0,41.7,45,46,48,48,50,50,51,51,53,53,118,4.5,54
2013-10-27,45.0,55.8,30.9,0.01,20.1,21.9,27.3,31.7,41.7,46,46,47,47,49,49,51,51,53,53,58,7.9,65
2013-10-28,40.5,51.6,28.4,0.0,19.8,21.7,27.0,31.7,41.7,41,41,44,44,47,47,50,50,53,53,48,9.7,51
2013-10-29,30.2,44.8,18.0,0.0,19.7,21.5,26.6,31.7,41.7,38,38,42,41,46,46,49,49,52,53,171,2.2,49
2013-10-30,36.5,48.6,19.0,0.0,19.3,21.2,26.5,31.6,41.6,40,40,42,42,45,45,48,48,52,52,143,5.8,54
2013-10-31,42.6,54.1,34.3,0.0,19.5,21.3,26.5,31.6,41.5,41,41,43,43,45,45,48,48,52,52,144,6.8,62
2013-11-01,43.7,57.0,29.5,0.0,19.5,21.4,26.4,31.3,41.0,44,44,44,44,45,46,48,48,51,52,133,4.9,66
2013-11-02,43.7,51.3,36.0,0.24,19.8,21.3,26.5,31.6,40.9,40,40,42,42,45,45,48,48,51,51,198,16.2,69
2013-11-03,34.5,38.8,28.2,0.0,20.0,21.3,26.4,31.4,41.8,38,38,40,40,43,43,47,47,51,51,225,9.7,83
2013-11-04,32.5,38.8,28.8,0.16,24.6,22.2,26.3,31.2,41.4,37,37,39,39,42,42,46,47,51,51,220,5.4,86
2013-11-05,31.1,34.3,28.2,0.03,23.8,22.8,26.1,31.3,41.6,36,36,37,37,40,40,46,46,50,50,109,11.5,93
2013-11-06,37.4,41.0,33.6,0.0,33.8,32.9,28.6,31.4,41.6,38,39,39,39,40,40,45,45,50,50,116,6.6,92
2013-11-07,42.1,46.2,39.6,0.81,38.3,37.5,36.0,32.4,41.6,40,40,41,41,42,42,45,45,49,49,150,13.6,95
2013-11-08,40.3,44.8,34.2,0.0,32.9,32.9,34.6,34.0,41.5,38,38,40,40,42,42,45,45,49,49,223,10.9,83
2013-11-12,43.9,48.0,36.7,0.0,29.4,30.4,33.2,33.5,42.1,42,42,43,43,44,44,46,46,49,49,117,6.6,85
2013-11-13,41.5,50.0,34.7,0.0,28.4,30.0,32.8,33.6,42.1,40,40,42,42,44,44,46,46,49,49,203,5.3,82
2013-11-14,38.7,43.7,34.0,0.0,28.2,29.7,32.7,33.7,42.1,40,40,41,41,43,43,45,46,49,49,163,6.3,90
2013-11-15,35.1,39.4,32.2,0.15,30.3,30.2,32.4,33.2,42.1,37,37,38,38,41,41,45,45,48,49,222,9.9,90
2013-11-16,36.5,41.2,32.4,0.33,35.5,35.2,36.1,34.9,42.1,36,36,37,37,40,40,44,44,48,48,241,14.3,86
2013-11-17,39.2,45.9,33.6,0.0,33.1,33.2,35.5,34.9,42.2,38,39,39,39,40,41,44,44,48,48,205,10.3,86
2013-11-18,39.4,41.9,36.0,0.06,32.7,32.6,35.2,34.6,42.4,39,39,39,39,40,41,43,44,47,48,111,9.4,85
2013-11-19,43.3,49.3,35.6,0.14,36.1,36.1,36.5,34.5,43.1,39,40,41,41,42,42,44,44,47,47,197,9.4,92
2013-11-20,28.6,35.6,19.9,0.0,30.7,32.3,35.9,34.9,43.2,34,35,36,36,39,39,43,44,47,47,334,7.4,79
2013-11-21,24.3,34.5,14.7,0.0,28.1,30.4,34.9,34.5,44.2,33,33,34,34,37,37,42,43,47,47,111,3.1,80
2013-11-22,27.1,38.8,20.8,0.0,27.1,29.1,33.8,34.7,43.8,32,33,33,34,36,36,41,42,47,47,106,4.6,83
2013-11-23,28.4,41.0,21.0,0.0,26.3,28.3,33.5,34.5,43.5,32,33,33,33,36,36,41,41,46,46,117,3.6,81
2013-11-24,29.3,41.2,20.1,0.0,25.5,27.8,32.8,34.3,43.4,32,32,33,33,35,35,40,40,46,46,129,2.8,81
2013-11-25,31.8,46.6,21.0,0.0,26.3,27.9,32.2,33.9,43.6,32,33,33,33,35,35,40,40,46,46,114,2.7,79
2013-11-26,32.0,45.0,23.7,0.0,26.9,28.5,32.4,34.3,43.6,32,33,33,33,35,35,39,40,45,45,118,3.5,78
2013-11-27,32.5,48.2,22.8,0.0,26.7,28.3,32.4,34.0,42.1,32,33,33,33,35,35,39,39,45,45,120,3.8,76
2013-11-28,27.9,40.5,19.6,0.0,26.1,27.9,32.5,34.0,42.6,32,33,33,33,35,35,39,39,45,45,172,1.4,76
2013-11-29,33.3,39.6,25.7,0.0,25.7,27.8,32.0,33.6,42.9,32,33,33,33,35,35,39,39,44,44,111,6.1,83
2013-11-30,37.4,40.8,34.5,0.03,29.4,29.4,32.2,33.6,43.1,34,34,34,34,35,35,39,39,44,44,137,5.0,85
2013-12-01,44.1,48.4,37.2,0.57,36.7,36.7,36.7,35.3,42.5,41,41,39,40,38,38,39,39,44,44,217,14.2,90
2013-12-02,33.4,45.9,26.2,0.14,34.3,34.4,36.7,36.5,51.2,34,35,35,36,37,37,40,40,44,44,258,10.8,91
2013-12-03,20.5,27.0,12.4,0.0,31.6,32.7,36.1,36.2,52.2,34,34,34,35,36,36,39,40,44,44,30,8.7,88
2013-12-04,11.1,23.0,1.6,0.0,27.9,30.7,35.4,36.3,52.2,33,33,34,34,36,36,39,39,43,44,79,2.8,79
2013-12-05,10.0,,1.2,0.0,24.6,28.8,34.3,35.9,52.2,32,32,33,33,35,35,39,39,43,44,115,5.4,81
2013-12-06,10.4,,8.2,0.0,20.7,27.1,33.7,35.7,52.3,31,31,32,33,35,35,38,39,43,43,32,9.6,87
2013-12-07,-1.7,,-6.7,0.0,10.7,25.1,32.8,35.3,52.3,29,29,32,32,34,34,38,38,43,43,166,1.6,74
2013-12-08,7.0,,0.7,0.0,10.4,15.2,32.2,35.4,51.4,28,29,31,31,33,34,38,38,43,43,115,7.1,84
2013-12-09,15.3,20.7,9.0,0.0,10.5,13.9,31.4,34.7,50.9,29,29,31,31,33,33,37,37,42,43,112,13.3,93
2013-12-10,22.8,25.7,19.4,0.0,10.7,14.2,31.3,34.8,48.6,30,30,31,31,33,33,37,37,42,42,108,8.4,96
2013-12-11,27.9,31.1,25.5,0.0,11.4,14.3,31.1,35.2,49.6,30,31,31,31,33,33,37,37,42,42,112,12.2,90
2013-12-12,30.2,33.1,27.1,0.0,11.3,14.7,30.9,34.9,47.9,31,31,31,31,33,33,36,37,42,42,109,13.0,84
2013-12-13,32.2,35.6,28.6,0.12,12.1,15.6,30.9,34.4,47.5,31,31,31,32,33,33,36,37,41,42,117,7.9,90
2013-12-14,35.6,37.2,34.0,0.03,12.6,17.3,31.1,34.5,46.9,31,32,31,32,33,33,36,36,41,41,104,9.4,88
2013-12-15,37.4,41.7,33.6,0.0,24.4,22.4,31.2,34.6,47.6,32,32,31,32,33,33,36,36,41,41,120,7.2,84
2013-12-16,36.0,42.4,32.2,0.0,28.9,30.9,31.7,34.2,45.9,32,32,32,32,33,33,36,36,41,41,115,6.1,82
2013-12-17,37.2,42.8,33.6,0.0,30.4,32.6,32.7,34.3,46.1,32,32,32,32,33,33,36,36,41,41,110,9.8,79
2013-12-18,35.2,39.6,29.8,0.0,31.4,33.7,33.7,34.4,46.4,32,32,32,32,33,33,36,36,41,41,236,4.6,84
2013-12-19,23.2,29.8,19.0,0.0,29.7,31.0,33.6,34.4,46.0,31,32,32,32,33,33,36,36,40,41,250,6.0,87
2013-12-20,24.1,32.0,19.6,0.0,16.1,28.2,33.0,34.5,46.5,31,32,32,32,33,33,36,36,40,41,109,9.8,95
2013-12-21,30.2,33.6,27.0,0.14,17.9,28.5,32.4,34.0,45.4,31,32,32,32,33,33,36,36,40,41,159,5.6,94
2013-12-24,31.3,37.0,28.4,0.0,32.8,33.0,34.1,34.3,45.6,32,32,32,32,33,33,36,36,40,40,100,5.3,85
2013-12-25,32.9,34.2,31.1,0.0,33.0,32.7,34.4,34.3,45.6,32,32,32,32,33,33,36,36,40,40,105,7.1,85
2013-12-27,35.2,38.7,28.4,0.0,32.9,32.7,34.5,34.3,45.1,32,32,32,32,33,33,36,36,40,40,121,5.3,74
2013-12-29,29.3,31.8,26.2,0.0,31.0,31.9,34.5,34.3,45.5,32,32,32,33,33,34,36,36,40,40,107,9.7,90
2013-12-30,33.6,36.3,28.8,0.03,31.1,31.6,34.2,33.9,45.1,32,32,32,33,33,34,36,36,40,40,107,8.7,87
2013-12-31,35.4,40.5,29.5,0.0,31.4,32.2,34.7,34.0,45.1,32,32,32,33,33,34,36,36,40,40,185,3.7,86
2014-01-01,34.2,39.7,29.8,0.01,31.8,32.5,34.4,34.3,45.1,32,32,32,33,33,34,36,36,40,40,110,6.8,85
2014-01-02,35.8,38.1,33.1,0.01,33.0,33.2,35.0,34.3,45.1,32,32,32,33,33,34,36,36,40,40,110,11.2,87
2014-01-03,34.7,40.3,28.2,0.18,34.2,34.6,37.5,45.6,52.8,32,32,32,33,33,33,36,36,39,40,262,11.6,83
2014-01-04,27.7,33.8,22.8,0.0,28.8,30.2,36.4,45.7,52.8,31,32,32,32,33,33,36,36,39,39,272,8.7,77
2014-01-05,26.8,33.6,18.1,0.0,12.0,26.9,35.6,39.9,53.9,31,31,32,32,33,33,36,36,39,39,101,4.7,76
2014-01-06,30.2,36.1,25.2,0.0,11.5,25.6,34.3,39.3,56.0,30,31,32,32,33,33,36,36,39,39,109,10.3,68
2014-01-07,32.9,36.0,29.3,0.0,12.7,26.0,33.9,38.7,57.0,31,32,32,32,33,33,35,36,39,39,113,7.1,68
2014-01-08,34.0,37.6,31.5,0.37,29.5,46.5,44.2,45.9,57.0,32,32,31,32,32,33,35,35,39,39,117,8.8,83
2014-01-09,35.1,39.4,32.4,0.23,36.8,47.0,45.0,45.7,56.9,32,32,32,32,33,33,35,35,39,39,225,12.4,83
2014-01-10,38.7,41.0,32.0,0.06,40.7,47.6,45.3,46.5,57.0,32,32,32,32,33,33,35,35,39,39,203,10.0,80
2014-01-11,40.3,45.1,32.0,0.28,43.3,48.0,45.7,46.5,57.0,32,32,32,32,33,33,35,35,39,39,208,19.2,79
2014-01-12,38.1,43.9,34.3,0.02,48.8,48.0,45.9,46.8,57.0,32,32,32,32,33,33,35,35,39,39,244,19.8,83
2014-01-13,41.0,44.1,36.9,0.0,50.3,48.2,46.3,46.8,57.0,33,34,34,34,34,35,35,36,39,39,245,18.3,77
2014-01-14,38.3,47.1,33.6,0.0,41.4,43.4,46.3,46.8,56.1,33,33,34,34,35,35,36,36,39,39,122,5.1,80
2014-01-15,33.6,34.3,32.0,0.0,38.1,38.2,43.4,46.8,56.1,33,33,34,34,35,35,36,36,39,39,107,6.9,86
2014-01-16,36.0,44.1,31.8,0.0,36.7,36.6,41.0,46.8,56.6,33,33,34,34,35,35,36,36,39,39,110,7.5,83
2014-01-17,34.7,44.6,27.3,0.0,35.3,35.7,40.0,46.8,56.7,33,33,33,34,34,35,36,36,39,39,121,4.9,82
2014-01-18,32.5,43.5,25.5,0.0,35.0,35.8,39.6,46.8,56.2,33,33,33,33,34,34,36,36,39,39,120,5.2,82
2014-01-19,30.2,37.6,25.7,0.0,34.9,35.5,39.0,46.8,56.6,33,33,33,33,34,34,36,36,39,39,209,4.2,88
2014-01-20,27.5,30.4,23.9,0.0,34.7,35.5,39.1,47.0,56.6,33,33,33,33,34,34,36,36,39,39,6,2.7,90
2014-01-21,27.5,29.8,25.0,0.0,34.2,35.2,38.7,47.2,56.6,33,33,33,33,34,34,36,36,39,39,294,3.1,91
2014-01-22,27.5,32.0,27.0,0.0,32.8,33.7,37.9,43.0,56.7,32,33,33,33,34,34,36,36,39,39,105,2.1,92
2014-01-23,27.5,32.0,26.4,0.0,32.7,33.9,37.8,41.8,56.7,32,33,33,33,34,34,36,36,39,39,101,4.0,93
2014-01-24,29.3,32.0,28.6,0.0,33.7,34.5,37.8,41.4,56.7,32,33,33,33,34,34,36,36,39,39,352,3.3,93
2014-01-25,28.0,32.0,25.5,0.0,32.8,34.0,37.8,41.4,56.2,32,33,33,33,34,34,36,36,39,39,244,3.6,60
2014-01-26,25.7,26.6,23.7,0.0,31.1,33.0,37.3,40.4,56.6,32,33,33,33,34,34,36,36,39,39,278,3.6,95
2014-01-28,30.9,32.5,28.8,0.0,29.3,31.9,36.5,40.1,56.6,32,32,32,33,33,34,36,36,38,39,109,9.9,96
2014-01-29,32.2,34.5,30.9,0.07,38.4,39.6,40.9,46.4,56.6,32,32,32,33,33,33,35,36,38,39,269,9.7,97
2014-01-30,32.7,36.3,28.6,0.24,37.5,38.8,44.4,46.7,56.1,32,32,32,33,33,34,35,36,38,39,252,6.5,95
2014-01-31,29.8,33.6,24.1,0.07,36.7,38.3,42.9,46.7,56.6,32,32,32,33,33,34,35,36,38,39,274,6.7,95
2014-02-01,21.4,28.2,7.9,0.0,35.7,37.1,42.3,47.2,56.6,32,33,32,33,33,34,35,36,38,38,109,5.7,88
2014-02-02,26.6,33.1,15.6,0.0,35.3,36.5,40.3,46.9,56.1,32,33,32,33,33,34,35,36,38,38,39,5.4,89
2014-02-03,16.9,24.3,0.3,0.04,34.6,35.7,39.8,46.9,56.1,32,33,32,33,33,34,35,36,38,38,275,4.7,89
2014-02-04,10.9,17.6,-4.7,0.0,32.8,34.4,39.3,47.2,56.6,32,33,32,33,33,34,35,36,38,38,74,4.2,86
2014-02-05,4.5,15.4,-8.9,0.0,30.1,33.0,38.5,47.2,56.1,32,32,32,33,33,34,35,36,38,38,79,5.9,83
2014-02-06,6.4,16.0,-5.3,0.0,26.8,31.6,37.9,47.2,57.2,32,32,32,33,33,33,35,36,38,38,104,10.0,84
2014-02-07,13.1,20.7,3.7,0.01,26.3,31.2,37.3,42.8,58.0,32,32,32,33,33,33,35,36,38,38,81,6.6,82
2014-02-08,17.4,27.0,11.5,0.0,26.1,31.0,36.8,41.6,58.0,32,32,32,32,33,33,35,35,38,38,2,5.7,85
2014-02-09,48.6,59.9,16.0,0.05,26.4,31.2,36.8,40.7,58.0,32,32,32,32,33,33,35,35,38,38,117,6.7,85
2014-02-10,36.1,45.3,29.3,0.02,27.1,31.3,36.8,40.4,58.0,32,32,32,32,33,33,35,35,38,38,150,8.6,82
2014-02-11,36.5,46.9,34.2,0.01,37.0,37.0,38.5,43.5,57.1,32,32,32,32,33,33,35,35,38,38,205,8.5,83
2014-02-12,40.8,48.0,34.5,0.13,48.2,46.5,44.7,46.9,57.1,32,32,32,32,33,33,35,35,38,38,197,14.6,76
2014-02-13,40.5,45.1,33.4,0.06,48.8,46.8,45.2,46.9,57.1,32,33,33,33,33,34,35,35,38,38,229,13.5,73
2014-02-14,38.1,46.2,32.5,0.28,49.2,47.3,45.5,47.2,57.1,34,34,35,35,35,35,35,36,38,38,174,12.2,82
2014-02-15,37.8,42.8,32.5,0.39,49.9,47.5,45.1,47.2,57.1,37,37,36,36,35,35,36,36,38,38,117,9.7,87
2014-02-16,36.7,41.5,32.9,0.0,44.3,47.9,45.6,47.3,56.6,34,34,34,35,35,36,36,36,38,38,224,14.5,75
2014-02-17,39.0,44.6,34.2,0.38,50.0,48.4,45.8,47.3,57.1,34,34,35,35,35,36,36,36,38,38,221,14.1,83
2014-02-18,37.4,44.2,32.5,0.37,50.3,48.5,45.8,47.7,57.2,35,36,36,36,36,36,36,36,38,38,187,13.0,88
2014-02-20,35.6,38.7,30.9,0.11,49.6,45.1,46.2,47.7,57.2,33,33,33,33,34,35,36,36,38,38,238,14.4,81
2014-02-23,31.8,32.7,29.8,0.06,41.7,44.6,46.7,47.7,57.5,33,33,33,33,34,34,36,36,38,38,118,6.3,83
2014-02-25,28.6,43.7,19.9,0.17,45.6,46.3,46.7,47.7,57.5,33,33,33,33,34,34,36,36,38,38,1,2.8,81
2014-02-26,29.8,38.1,21.6,0.0,49.8,46.5,46.7,47.7,57.5,33,33,33,33,34,34,36,36,38,38,55,4.8,79
2014-02-28,32.7,34.3,29.1,0.0,50.5,46.8,46.9,47.8,56.6,33,33,33,33,34,34,36,36,38,38,37,10.3,84
2014-03-02,28.4,38.3,22.8,0.27,48.9,47.2,46.7,47.8,57.1,32,32,32,33,33,34,35,36,38,38,132,7.8,88
2014-03-03,38.5,45.0,35.2,0.1,49.2,47.8,46.7,47.8,57.1,32,33,33,33,33,34,35,36,38,38,172,6.7,83
2014-03-04,42.4,51.1,36.3,0.0,49.5,48.2,47.1,47.8,57.1,37,37,37,37,36,36,35,36,38,38,223,8.1,77
2014-03-05,44.2,50.0,39.6,0.38,50.0,48.5,47.1,47.9,57.1,41,41,40,40,38,38,36,37,38,38,126,9.9,82
2014-03-06,45.9,54.7,40.6,0.28,50.7,48.7,47.3,48.1,57.2,40,40,40,40,40,40,38,38,38,38,232,11.6,80
2014-03-07,43.2,51.1,36.3,0.0,50.8,48.8,47.4,48.1,57.2,39,39,40,41,40,41,38,39,38,39,229,8.7,72
2014-03-08,44.4,53.6,36.7,0.16,49.5,48.7,47.4,48.2,56.9,43,43,42,42,40,41,39,39,39,39,119,11.5,81
2014-03-12,41.5,53.6,33.4,0.0,42.7,48.0,47.5,48.2,57.1,40,40,42,42,42,42,40,41,40,40,113,6.9,82
2014-03-13,42.4,54.3,33.6,0.0,40.9,41.6,47.5,48.2,57.1,40,41,42,42,42,42,41,41,40,41,155,5.3,78
2014-03-20,33.8,43.3,28.4,0.0,36.7,36.9,41.6,48.5,57.6,35,36,37,37,39,39,40,40,41,41,240,9.6,64
2014-03-21,34.0,43.7,25.0,0.0,35.4,36.7,41.4,48.2,57.6,36,36,38,38,39,39,39,40,41,41,85,3.8,69
2014-03-22,35.2,46.8,22.5,0.0,35.4,36.5,40.8,48.5,57.6,39,39,39,40,40,40,39,40,41,41,139,3.7,69
2014-03-23,39.2,48.9,29.5,0.0,33.9,35.3,40.5,48.5,57.1,38,38,40,40,41,41,40,40,41,41,226,4.5,64
2014-03-24,44.1,57.7,31.6,0.0,33.0,35.0,40.1,48.5,57.1,40,40,41,41,41,42,40,40,41,41,105,7.9,60
2014-03-27,41.0,46.9,36.9,0.06,34.8,36.2,40.5,48.6,57.2,40,40,41,41,42,42,41,41,41,41,224,8.4,74
2014-03-29,45.0,53.8,36.5,0.11,38.8,39.9,46.3,48.4,57.7,41,41,43,43,43,43,41,42,41,42,212,9.3,73
2014-03-30,39.7,49.1,34.5,0.0,36.1,37.3,41.9,48.5,57.7,39,39,41,41,42,42,42,42,42,42,206,7.7,71
2014-03-31,41.7,53.6,32.5,0.0,34.6,36.0,41.4,48.5,57.7,41,41,42,42,43,43,42,42,42,42,103,7.4,71
2014-04-01,44.2,55.8,33.8,0.0,33.5,35.4,40.7,48.5,56.8,42,42,43,44,44,44,42,42,42,42,38,5.0,66
2014-04-02,41.7,52.0,33.4,0.0,32.5,34.7,40.1,48.5,57.7,40,40,42,42,43,43,42,42,42,42,243,7.5,59
2014-04-03,43.9,54.1,30.2,0.04,32.6,34.8,39.8,44.4,57.8,44,44,44,44,43,44,42,42,42,42,148,5.6,60
2014-04-04,42.4,50.2,34.9,0.09,33.1,34.9,39.8,45.6,57.8,40,40,42,42,43,44,43,43,42,42,216,7.6,72
2014-04-05,44.2,52.3,33.8,0.09,34.0,35.2,39.6,44.0,57.7,44,44,44,44,43,44,42,43,42,43,234,8.7,65
2014-04-06,47.1,58.3,39.4,0.0,31.9,34.4,39.8,43.7,57.8,42,42,44,44,44,45,43,43,42,43,251,11.8,67
2014-04-07,51.1,65.1,35.1,0.0,30.8,33.9,39.2,43.0,56.8,47,48,48,48,47,47,43,44,43,43,131,4.8,58
2014-04-10,45.0,57.0,29.1,0.0,27.5,31.9,37.9,41.8,57.0,44,45,46,46,47,47,45,45,44,44,207,4.9,47
2014-04-11,48.4,61.2,35.2,0.0,25.8,30.9,37.3,41.4,57.3,43,43,46,45,47,47,45,45,44,44,209,9.3,47
2014-04-12,43.7,57.4,30.4,0.0,24.8,30.6,37.0,41.3,57.3,42,42,45,44,46,46,45,45,44,44,353,6.6,49
2014-04-13,42.4,56.1,29.7,0.0,24.1,30.1,36.3,40.9,57.4,42,43,45,45,47,47,45,45,44,44,52,4.5,46
2014-04-16,43.0,52.0,27.7,0.01,23.2,29.5,35.0,40.7,57.4,44,44,45,45,45,45,45,45,44,45,195,5.1,55
2014-04-19,47.8,63.1,32.7,0.0,26.1,30.8,35.3,40.2,57.4,43,44,44,44,45,45,44,45,44,45,175,12.0,52
2014-04-20,46.9,58.6,37.2,0.0,24.8,30.0,35.4,39.9,57.3,45,45,47,47,47,47,45,45,45,45,191,6.4,51
2014-04-21,55.0,65.1,43.3,0.0,24.0,29.5,35.2,40.0,57.4,47,47,47,47,47,47,45,46,45,45,110,7.9,42
2014-04-22,43.0,49.3,35.6,0.1,25.1,29.9,34.8,39.6,57.4,41,41,43,43,45,46,46,46,45,45,250,10.9,75
2014-04-24,45.5,54.9,39.2,0.44,33.0,35.5,38.8,40.5,57.4,44,44,45,45,45,45,45,45,45,45,149,8.4,83
2014-04-25,41.5,45.0,36.5,0.0,31.1,34.0,38.3,40.5,57.4,43,44,44,44,44,45,45,45,45,45,291,6.4,83
2014-04-26,42.1,52.2,35.1,0.0,29.2,32.8,37.9,40.6,57.4,41,41,43,43,45,45,45,45,45,45,242,8.6,71
2014-04-27,40.8,50.4,35.1,0.11,30.3,33.0,37.9,40.3,57.4,40,41,42,42,44,44,44,45,45,45,209,10.3,71
2014-04-28,41.0,52.3,31.5,0.01,28.8,32.3,37.5,40.2,57.4,41,41,43,43,44,45,44,44,45,45,245,7.1,65
2014-04-29,47.8,63.3,33.1,0.01,27.0,31.5,37.2,39.9,57.4,46,46,48,48,47,47,44,45,45,45,112,5.3,53
2014-04-30,53.8,71.8,32.7,0.0,25.5,30.6,36.5,39.9,57.4,50,50,51,51,50,50,45,46,45,45,89,4.9,44
2014-05-01,59.4,78.6,38.3,0.0,23.6,30.1,36.1,40.2,57.4,53,53,55,54,52,53,47,47,45,45,121,4.7,40
2014-05-02,60.8,75.2,40.6,0.0,22.5,29.4,35.7,39.6,57.4,54,54,55,55,53,54,48,49,45,46,198,6.4,38
2014-05-03,54.7,61.7,48.0,0.0,21.7,29.1,35.0,39.8,57.5,52,52,53,53,52,52,49,49,46,46,243,10.2,42
2014-05-04,50.0,58.6,44.8,0.26,25.6,31.1,35.4,39.8,56.8,50,51,51,51,51,52,49,49,46,46,185,6.7,61
2014-05-06,46.8,56.8,37.2,0.02,23.5,29.7,35.0,39.0,56.9,47,48,49,49,50,51,49,49,47,47,260,6.0,59
2014-05-08,51.8,64.0,38.5,0.08,21.5,28.6,34.4,39.1,56.9,53,53,53,53,52,53,49,49,47,47,120,6.6,50
2014-05-09,47.8,56.5,42.4,0.17,24.5,30.0,34.7,39.5,56.9,47,47,49,49,51,51,49,50,47,47,243,13.6,67
2014-05-10,44.8,54.9,35.6,0.0,23.5,29.5,34.4,39.2,56.9,47,47,49,48,50,50,49,49,47,48,266,7.1,66
2014-05-11,47.1,58.8,37.4,0.0,22.2,29.0,34.5,39.3,57.0,47,47,50,49,51,51,49,49,47,48,354,5.3,61
2014-05-12,49.5,65.1,27.9,0.0,20.7,28.6,34.1,38.7,56.9,51,51,53,53,53,53,49,49,47,48,115,4.0,47
2014-05-13,54.5,71.4,33.3,0.0,19.2,27.8,33.6,38.7,57.0,54,54,56,56,55,55,50,50,47,48,103,4.4,40
2014-05-14,57.6,74.5,36.0,0.0,17.4,27.4,33.7,38.6,57.0,57,58,59,59,57,58,51,51,48,48,99,3.2,39
2014-05-15,63.3,80.1,45.1,0.0,15.7,27.1,33.3,38.8,57.4,60,61,62,62,59,59,52,53,48,48,97,4.4,43
2014-05-16,60.6,73.9,43.7,0.0,14.1,26.1,33.1,38.9,57.5,57,58,60,60,59,59,54,54,49,49,276,5.7,34
2014-05-17,53.8,66.0,38.8,0.0,13.7,25.4,32.5,38.5,57.5,56,56,58,58,58,58,54,54,49,49,274,5.5,35
2014-05-18,50.5,61.0,35.2,0.03,13.7,25.0,32.4,38.9,57.5,54,54,56,56,56,56,54,54,50,50,215,6.6,43
2014-05-19,53.1,63.7,41.9,0.01,13.1,25.0,32.0,38.6,57.5,55,55,58,58,57,58,54,54,50,50,221,3.9,46
2014-05-20,54.3,70.5,34.2,0.0,12.5,24.1,31.7,38.9,57.5,57,57,60,60,59,59,54,54,50,50,13,3.1,45
2014-05-21,55.9,73.0,36.0,0.0,12.0,23.7,31.5,38.5,56.5,58,59,61,61,60,60,55,55,51,51,321,3.1,41
2014-05-22,60.4,78.8,39.4,0.0,11.8,22.9,31.9,38.6,56.7,61,62,64,64,62,62,55,56,51,51,93,2.7,40
2014-05-23,62.6,75.7,43.9,0.0,11.1,22.1,31.5,38.2,56.1,60,61,62,62,60,61,56,57,51,51,186,6.8,46
2014-05-24,57.2,68.2,40.3,0.0,10.9,21.3,30.8,38.4,55.6,58,58,61,61,61,61,57,57,52,52,248,4.7,47
2014-05-25,56.5,70.9,36.0,0.0,10.9,20.3,30.6,37.9,54.2,61,61,62,62,61,61,57,57,52,52,314,3.3,40
2014-05-26,56.8,67.5,38.3,0.0,10.4,19.1,29.8,38.0,53.5,57,58,60,60,61,61,57,57,52,53,220,9.5,36
2014-05-28,47.5,54.1,43.3,0.28,10.7,21.6,28.9,37.6,51.9,52,52,54,54,56,57,56,57,53,53,148,5.3,63
2014-05-29,50.2,62.8,36.1,0.0,11.2,20.2,28.4,37.2,51.6,53,54,56,55,56,57,55,56,53,53,160,3.3,61
2014-05-30,57.2,74.8,35.8,0.0,11.4,19.1,27.6,37.0,48.8,57,58,59,59,58,59,55,55,53,53,95,3.9,54
2014-05-31,57.9,74.1,40.1,0.0,10.9,18.6,26.4,36.8,48.4,58,58,61,60,60,60,56,56,53,53,323,3.3,45
2014-06-01,58.6,76.5,39.9,0.0,10.8,17.9,25.6,36.6,47.5,60,60,62,62,61,61,56,57,53,53,354,3.3,42
2014-06-02,65.8,81.5,50.9,0.0,10.8,17.2,24.5,36.2,48.2,63,63,64,64,62,62,57,58,53,53,112,5.2,46
2014-06-03,63.1,75.2,49.3,0.01,11.0,16.9,23.7,35.1,47.3,62,62,64,64,63,63,58,58,53,54,275,6.1,42
2014-06-04,59.5,75.0,41.5,0.01,10.7,16.6,23.3,34.8,47.3,61,61,64,63,63,63,58,59,54,54,239,3.5,41
2014-06-05,55.8,71.4,35.2,0.0,10.6,16.2,22.6,33.6,47.2,58,59,62,61,62,63,58,59,54,54,274,5.1,38
2014-06-06,54.7,73.2,30.6,0.0,10.6,16.0,21.9,32.4,45.9,59,59,62,62,62,62,58,59,54,54,1,2.8,33
2014-06-07,56.5,73.6,34.9,0.0,10.6,15.9,22.1,31.7,46.6,59,59,61,61,61,62,58,59,55,55,201,3.0,35
2014-06-08,59.2,75.7,37.6,0.0,10.6,16.1,21.7,29.4,46.2,60,61,63,63,62,62,58,59,55,55,245,3.4,36
2014-06-14,50.0,60.4,45.1,0.03,10.3,15.7,20.8,25.4,42.9,54,54,56,56,57,57,58,58,55,55,198,6.0,70
2014-06-15,52.5,60.6,41.9,0.0,10.4,15.6,20.9,25.0,42.1,55,55,56,56,57,57,57,57,55,55,197,3.9,64
2014-06-16,49.6,59.4,32.5,0.0,10.1,15.4,21.1,24.8,41.3,53,53,55,55,56,57,56,57,55,55,261,6.9,52
2014-06-17,44.2,48.4,33.6,0.61,10.7,15.3,20.6,24.8,40.9,51,51,52,52,54,54,56,56,55,55,218,4.8,68
2014-06-18,52.0,61.9,44.8,0.12,17.3,28.2,20.7,24.9,39.9,54,54,55,54,54,55,55,55,55,55,138,4.0,72
2014-06-21,54.1,70.7,34.2,0.0,13.0,18.8,21.0,24.7,36.6,55,55,57,56,57,57,56,56,54,54,352,2.5,44
2014-06-22,57.2,75.6,34.9,0.0,12.2,17.1,20.9,24.4,35.1,56,56,57,57,57,58,56,56,54,54,335,2.1,41
2014-06-23,63.5,82.4,40.6,0.0,11.3,16.6,20.4,23.9,34.6,59,59,60,60,58,59,56,56,54,54,89,2.0,37
2014-06-24,60.8,72.7,44.8,0.0,11.2,16.3,21.0,24.2,33.6,57,58,59,59,58,59,57,57,54,54,285,3.9,45
2014-06-25,61.3,75.0,42.1,0.0,10.7,16.2,20.4,23.9,33.3,60,60,60,60,59,59,57,57,54,54,60,1.8,41
2014-06-26,59.7,66.0,54.7,0.07,10.7,16.0,20.4,23.9,33.3,59,59,60,60,59,59,57,57,55,55,168,2.7,48
2014-06-27,58.3,67.5,51.3,0.05,11.1,16.1,20.5,23.9,33.3,58,58,58,58,58,58,57,57,55,55,177,3.9,61
2014-06-28,58.6,70.0,45.1,0.03,10.6,15.7,20.0,23.6,33.1,57,57,58,58,58,58,57,57,55,55,237,6.4,55
2014-06-29,57.4,69.3,40.1,0.0,10.6,15.8,19.8,23.1,32.5,56,56,58,58,58,58,57,57,55,55,246,6.5,45
2014-06-30,58.3,76.3,37.0,0.0,10.4,15.6,19.3,23.1,31.8,57,58,59,59,58,59,57,57,55,55,31,2.1,38
2014-07-01,65.7,87.6,39.2,0.0,10.2,15.6,19.4,22.7,31.1,60,61,62,62,60,60,57,57,55,55,100,3.1,36
2014-07-02,72.3,90.9,47.1,0.0,10.1,15.3,19.0,22.4,30.9,63,63,64,64,61,62,58,58,55,55,95,3.2,36
2014-07-03,68.4,83.7,47.1,0.0,9.9,14.8,18.8,21.7,31.0,61,62,63,63,62,62,59,59,55,55,285,4.1,36
2014-07-04,63.7,79.9,47.7,0.0,10.2,14.9,18.7,21.6,30.9,62,62,63,62,61,62,59,59,55,56,121,2.1,34
2014-07-05,65.7,84.2,46.0,0.0,10.0,14.6,18.4,21.6,30.5,62,62,63,63,62,62,59,59,56,56,266,2.4,32
2014-07-06,70.3,87.6,51.8,0.0,9.6,14.2,18.4,21.4,30.0,64,64,65,65,63,63,60,60,56,56,234,3.5,28
2014-07-07,69.4,89.2,47.8,0.0,9.6,14.4,18.2,21.2,29.7,64,65,65,66,64,64,60,60,56,56,61,2.2,29
2014-07-09,71.4,90.7,49.6,0.0,9.5,14.1,17.9,20.9,29.6,65,65,66,67,65,65,61,61,56,57,204,3.2,28
2014-07-10,67.8,88.9,47.3,0.0,8.8,13.8,17.9,20.4,29.3,64,64,66,66,65,65,61,62,57,57,258,2.9,26
2014-07-11,70.3,92.8,43.2,0.0,9.1,14.0,18.0,20.8,29.9,65,66,67,67,65,66,62,62,57,57,77,2.7,24
2014-07-12,71.4,93.7,45.0,0.0,8.8,13.9,17.8,21.0,29.2,66,66,68,68,66,66,62,62,57,57,85,2.2,25
2014-07-13,74.7,96.1,47.1,0.0,8.9,13.9,17.8,20.5,29.1,69,69,70,69,67,67,62,63,57,58,56,2.5,24
2014-07-14,76.8,92.7,56.5,0.0,8.6,13.9,17.5,20.3,29.4,69,69,70,70,67,68,63,63,58,58,81,3.8,28
2014-07-15,72.9,91.2,52.3,0.0,8.7,14.0,17.5,20.6,29.4,69,69,70,70,68,68,63,64,58,58,333,3.5,29
2014-07-16,77.9,97.3,55.9,0.0,8.4,14.0,17.5,20.8,28.7,71,71,71,72,69,69,64,64,58,58,136,4.0,29
2014-07-17,72.7,90.5,50.9,0.0,8.3,13.6,17.5,20.3,28.8,69,69,70,70,69,69,64,64,58,59,237,5.4,25
2014-07-18,66.7,84.0,49.1,0.0,8.3,13.7,17.3,20.3,28.8,67,67,68,68,67,67,64,64,59,59,181,3.6,26
2014-07-19,72.1,87.4,52.3,0.0,8.1,13.4,17.7,20.6,28.8,69,69,70,70,67,68,64,64,59,59,233,6.9,27
2014-07-20,67.1,76.6,55.4,0.01,7.8,13.4,17.6,20.6,28.8,66,66,67,67,66,67,64,64,59,59,224,5.1,36
2014-07-21,64.4,79.5,52.9,0.0,7.4,13.3,17.3,20.0,28.8,66,66,67,67,66,66,64,64,59,60,247,5.3,35
2014-07-22,67.8,83.3,57.0,0.37,7.4,13.1,17.3,20.3,28.8,66,66,67,67,66,66,64,64,59,60,43,3.8,36
2014-07-23,65.8,87.4,53.8,0.18,8.1,18.2,17.4,19.9,28.6,63,63,65,65,65,66,64,64,60,60,189,7.1,57
2014-07-24,57.2,69.1,43.5,0.0,8.3,15.9,17.1,20.0,29.2,59,59,61,61,63,63,63,63,60,60,233,7.6,53
2014-07-25,59.0,77.2,40.6,0.0,8.7,15.2,17.0,20.0,29.5,60,61,63,62,63,63,62,62,59,60,273,2.7,40
2014-07-26,64.8,86.9,40.1,0.0,9.2,14.4,17.6,20.0,29.5,62,62,64,64,64,64,61,62,59,59,96,2.7,32
2014-07-27,71.2,94.6,41.4,0.0,9.3,14.5,17.0,20.0,29.7,66,66,67,67,65,66,62,62,59,59,79,2.6,26
2014-07-28,76.3,98.4,51.8,0.0,9.9,14.2,17.5,20.3,28.4,68,68,70,70,68,68,63,63,59,59,73,2.7,22
2014-07-29,75.6,99.5,49.1,0.0,10.2,14.5,17.5,20.7,28.8,70,70,71,71,69,69,64,64,59,59,260,2.6,20
2014-07-30,73.2,96.8,50.7,0.0,10.2,14.5,17.5,20.6,28.6,69,69,71,71,69,69,64,65,60,60,242,2.3,20
2014-07-31,75.9,98.6,49.3,0.0,10.0,14.7,17.9,20.6,29.5,70,71,72,72,70,70,65,65,60,60,182,3.6,18
2014-08-01,80.1,97.3,61.0,0.0,9.9,14.4,17.7,20.3,28.2,73,73,74,74,71,71,65,66,60,60,117,4.3,18
2014-08-02,79.5,97.3,63.5,0.13,9.7,14.8,17.7,20.4,29.2,72,72,73,73,72,72,66,67,60,60,112,4.6,23
2014-08-03,76.5,94.6,57.4,0.02,9.3,14.5,17.9,20.4,28.9,70,70,71,71,71,71,66,67,61,61,50,3.6,33
2014-08-04,74.8,97.3,53.4,0.0,9.2,14.2,18.1,20.4,28.7,69,70,71,71,71,71,66,67,61,61,43,2.9,24
2014-08-05,72.0,94.1,49.5,0.0,9.4,14.4,17.5,20.4,29.6,69,69,71,71,70,71,66,67,61,61,282,3.3,20
2014-08-06,68.5,87.4,49.6,0.0,9.5,14.4,17.5,20.4,29.6,68,68,70,70,70,70,66,67,61,62,282,3.8,21
2014-08-07,66.7,87.8,46.4,0.0,8.9,14.3,17.6,20.6,29.7,67,68,70,70,70,70,66,66,61,62,262,3.0,19
2014-08-08,63.5,80.2,46.6,0.0,8.6,13.8,17.9,20.6,29.4,65,66,68,68,69,69,66,66,62,62,256,4.5,20
2014-08-09,64.9,89.1,39.0,0.0,8.3,14.2,17.9,20.3,29.4,67,67,70,70,69,69,65,66,62,62,349,2.2,18
2014-08-10,72.1,95.2,42.8,0.0,8.1,14.0,17.6,20.6,29.4,70,70,72,72,70,71,66,66,62,62,71,3.5,14
2014-08-11,78.6,99.7,49.1,0.0,8.1,14.1,17.5,21.1,29.4,74,74,74,74,71,71,66,67,62,62,110,3.6,14
2014-08-12,75.2,93.7,54.0,0.21,12.1,14.4,17.8,20.9,29.1,70,70,71,71,71,71,67,67,62,62,98,5.2,26
2014-08-13,65.5,81.1,51.3,0.14,10.0,14.2,17.5,20.9,29.1,67,67,69,69,69,69,67,67,62,62,335,3.5,45
2014-08-14,64.8,76.1,55.9,0.25,14.7,22.3,17.9,20.9,29.1,66,67,68,68,68,68,66,66,62,62,318,3.9,58
2014-08-15,63.0,77.4,53.2,0.01,13.7,21.4,17.6,20.4,29.5,65,65,66,66,67,67,65,66,62,62,121,3.3,57
2014-08-16,66.6,81.3,52.2,0.0,13.5,20.9,17.8,20.6,29.5,65,65,67,67,67,67,65,65,62,62,162,4.4,46
2014-08-17,67.8,85.5,50.5,0.0,13.1,20.3,17.9,20.4,29.1,66,67,69,69,69,69,65,65,62,62,173,2.7,34
2014-08-18,71.1,90.0,49.5,0.0,12.8,20.4,18.0,20.9,29.5,68,69,71,71,70,70,66,66,62,62,95,3.2,30
2014-08-19,69.3,86.7,48.4,0.0,13.2,19.8,18.4,20.7,30.3,68,68,70,70,70,70,66,66,62,62,233,4.7,27
2014-08-20,65.7,77.5,49.3,0.0,12.9,19.4,18.2,20.7,30.0,66,66,68,68,68,69,66,66,62,62,257,5.9,32
2014-08-21,62.4,79.2,46.2,0.0,12.5,19.2,18.0,20.7,30.0,66,66,69,68,69,69,66,66,62,62,341,3.3,31
2014-08-22,61.2,77.4,48.7,0.11,12.4,18.7,18.3,20.7,30.0,64,64,66,66,67,67,66,66,62,62,18,4.8,38
2014-08-23,61.3,76.5,48.2,0.0,12.6,18.7,18.1,20.4,28.8,64,64,66,66,66,66,65,65,62,62,137,3.3,44
2014-08-24,62.8,78.4,46.8,0.0,12.5,18.4,17.9,20.6,30.0,64,64,66,66,66,67,65,65,62,62,93,5.1,41
2014-08-25,60.3,79.2,39.9,0.0,12.3,18.3,18.2,20.6,30.0,64,64,66,66,67,67,64,65,62,62,69,2.7,32
2014-08-26,63.7,84.4,41.0,0.0,11.9,18.3,18.5,20.6,29.1,65,66,68,68,67,68,65,65,62,62,98,2.8,26
2014-08-27,71.1,88.2,46.6,0.0,11.9,18.2,18.4,20.8,29.3,69,69,70,70,69,69,65,65,62,62,135,5.5,25
2014-08-28,68.9,82.0,52.2,0.0,11.3,18.2,18.3,20.7,29.3,66,67,68,68,68,69,65,66,62,62,237,7.7,28
2014-08-29,67.6,82.6,46.0,0.0,11.0,17.9,18.4,20.7,29.3,69,69,70,69,69,69,65,66,62,62,230,6.2,26
2014-08-30,62.8,73.8,52.9,0.0,10.5,17.9,18.2,20.7,29.3,66,66,67,67,67,68,65,66,62,62,250,7.8,34
2014-08-31,57.6,70.0,42.3,0.0,10.4,17.4,18.1,20.8,29.5,62,62,65,65,66,66,65,65,62,62,244,8.0,38
2014-09-01,57.2,72.1,38.3,0.0,10.1,17.2,18.3,20.6,29.5,63,63,65,65,66,66,64,65,62,62,204,5.1,32
2014-09-02,62.8,75.6,49.3,0.01,9.8,17.2,18.3,20.5,29.5,65,65,66,66,66,66,64,64,62,62,220,9.9,34
2014-09-03,53.6,63.0,44.6,0.01,9.4,16.8,17.8,20.8,29.8,58,59,61,60,63,63,64,64,62,62,229,9.3,53
2014-09-04,57.0,73.6,36.3,0.0,9.7,17.0,17.9,20.5,29.8,61,61,64,63,64,64,63,63,62,62,86,4.2,43
2014-09-05,57.7,79.5,34.2,0.0,9.5,16.7,18.2,20.7,29.2,62,62,64,64,64,65,63,63,61,62,80,2.9,28
2014-09-06,62.2,86.2,35.6,0.0,8.9,16.4,17.9,20.6,29.4,62,63,65,65,65,65,63,63,61,61,97,4.1,22
2014-09-07,63.3,85.5,37.8,0.0,8.5,16.6,17.9,20.8,29.4,63,63,65,65,65,66,63,63,61,61,107,3.6,16
2014-09-08,63.5,82.8,45.7,0.0,8.5,15.9,18.1,20.8,29.4,63,63,64,64,65,65,64,64,61,61,204,6.7,16
2014-09-09,60.4,72.1,42.8,0.0,8.4,15.9,18.2,20.3,29.4,62,62,64,64,64,65,63,63,61,61,259,9.4,31
2014-09-10,54.7,65.3,39.2,0.0,8.0,15.7,17.6,20.6,29.7,58,59,61,61,63,63,63,63,61,61,330,5.8,24
2014-09-11,48.2,66.7,30.0,0.0,8.0,15.7,17.7,20.3,29.7,56,56,60,60,62,62,62,62,61,61,86,3.7,23
2014-09-12,56.1,75.2,40.8,0.0,7.9,15.6,17.7,20.4,28.8,59,59,61,61,62,62,61,62,61,61,75,5.3,21
2014-09-13,54.9,77.4,28.0,0.0,7.6,15.1,17.4,20.4,29.0,59,59,62,61,62,62,61,61,60,61,55,3.4,16
2014-09-14,55.6,80.2,32.4,0.0,7.2,15.0,18.2,20.4,29.0,58,59,61,61,62,62,61,61,60,60,130,2.7,16
2014-09-15,63.1,88.3,37.0,0.0,7.8,14.9,17.8,20.4,29.3,61,61,63,63,63,63,61,61,60,60,91,3.8,16
2014-09-16,67.5,87.1,46.2,0.0,7.0,14.7,17.9,20.3,29.3,62,62,64,64,64,64,62,62,60,60,107,5.1,16
2014-09-17,65.5,86.9,43.3,0.0,7.2,14.7,17.9,20.3,29.3,64,64,64,64,64,64,62,62,60,60,124,3.3,16
2014-09-18,65.1,77.9,46.9,0.0,7.4,14.2,18.0,20.9,29.3,64,64,65,65,64,64,62,62,60,60,241,7.7,25
2014-09-19,59.2,75.0,44.8,0.0,7.2,14.2,18.0,20.5,29.3,61,61,64,63,64,64,62,62,60,60,236,3.7,37
2014-09-20,65.3,85.6,44.6,0.0,7.2,14.0,17.9,20.5,29.5,63,63,65,65,64,65,62,62,60,60,89,3.9,33
2014-09-21,66.9,88.3,44.4,0.0,6.8,14.0,18.2,20.5,28.9,64,64,66,66,65,65,63,63,60,60,112,3.6,24
2014-09-22,66.6,82.9,45.7,0.0,6.8,14.2,17.9,20.3,29.5,66,66,66,66,65,65,63,63,60,60,213,4.0,25
2014-09-23,65.3,79.2,56.5,0.05,7.1,13.7,17.6,20.3,29.3,64,64,64,64,64,64,63,63,60,61,111,4.9,48
2014-09-24,64.0,73.9,44.2,0.0,7.1,14.0,18.0,20.3,29.3,62,62,64,64,64,64,63,63,60,61,338,7.6,39
2014-09-25,57.7,72.5,38.8,0.01,6.8,14.0,18.0,20.5,29.3,62,62,63,63,63,63,62,63,60,61,183,4.3,38
2014-09-26,55.9,69.1,39.7,0.0,6.4,13.8,17.8,20.5,29.3,59,60,62,62,63,63,62,62,60,61,181,3.6,42
2014-09-27,58.5,71.4,41.9,0.0,6.8,13.3,17.7,20.9,29.3,61,61,62,62,62,62,62,62,60,60,21,4.7,35
2014-09-28,64.4,77.2,54.1,0.0,6.8,13.7,17.8,20.7,29.3,63,63,64,64,63,63,62,62,60,60,99,5.4,33
2014-09-29,58.6,64.4,50.9,0.2,6.6,13.4,17.6,20.9,28.9,60,60,61,61,61,62,62,62,60,60,163,5.6,45
2014-09-30,51.6,61.0,36.7,0.2,6.9,14.4,17.7,20.4,29.5,54,54,56,56,59,59,61,61,60,60,239,11.4,63
2014-10-01,46.4,60.6,33.8,0.0,7.4,14.1,17.7,20.1,28.9,51,51,54,53,57,57,59,60,60,60,195,5.6,54
2014-10-02,44.8,61.5,30.6,0.0,6.9,14.6,17.8,19.8,28.9,49,49,53,52,56,56,58,58,60,60,20,2.6,50
2014-10-03,51.1,68.2,30.6,0.0,7.6,14.6,17.4,20.1,29.2,51,51,53,53,55,55,57,57,59,59,113,5.4,47
2014-10-04,56.8,74.1,43.9,0.0,7.9,14.8,17.6,20.1,29.3,53,53,55,55,56,56,57,57,59,59,117,5.1,39
2014-10-05,58.8,75.0,45.1,0.0,7.6,14.6,17.9,20.1,28.5,55,55,57,57,57,58,57,57,58,58,160,4.2,40
2014-10-06,62.4,78.6,50.4,0.0,8.4,14.8,18.0,20.0,28.5,58,58,59,59,58,59,58,58,58,58,132,5.9,42
2014-10-07,63.5,81.1,49.1,0.0,8.5,15.0,17.5,20.5,28.7,58,58,60,60,60,60,58,59,58,58,127,5.1,40
2014-10-08,55.9,72.1,37.0,0.0,8.7,14.9,17.8,20.3,28.7,55,55,58,57,59,59,59,59,58,58,174,3.4,38
2014-10-09,50.4,71.6,33.4,0.0,8.9,14.7,18.1,19.8,28.7,54,54,57,56,58,58,58,58,58,58,311,1.8,35
2014-10-10,54.9,72.3,32.9,0.0,8.8,14.8,17.7,20.0,29.0,56,56,57,57,58,58,58,58,58,58,139,3.9,39
2014-10-11,56.3,63.5,47.1,0.0,8.6,14.8,18.0,20.0,28.6,54,54,56,55,57,57,58,58,58,58,250,11.9,54
2014-10-12,49.5,60.3,35.8,0.0,8.6,14.7,17.6,20.2,28.6,53,53,55,55,56,56,57,58,58,58,214,7.2,53
2014-10-13,57.0,71.4,46.8,0.0,8.4,14.8,17.6,19.7,28.6,55,55,56,56,56,56,57,57,58,58,106,8.3,42
2014-10-14,55.9,61.5,48.4,0.0,8.6,14.7,17.4,20.3,28.6,55,54,55,55,56,56,57,57,57,58,138,4.8,43
2014-10-15,47.7,52.9,38.3,0.24,13.5,18.4,17.5,19.9,28.9,49,49,51,51,54,54,56,57,57,58,190,6.2,69
2014-10-16,46.2,58.6,37.4,0.0,12.4,17.9,17.0,19.6,28.9,48,48,50,50,52,53,55,55,57,57,108,6.0,75
2014-10-17,52.5,66.6,43.7,0.0,12.1,17.6,17.5,19.9,28.9,51,51,52,51,52,53,55,55,57,57,106,6.3,58
2014-10-18,54.5,69.3,44.6,0.0,11.4,17.5,17.2,19.9,28.5,52,52,53,53,54,54,55,55,57,57,122,4.2,52
2014-10-19,59.5,75.4,48.4,0.0,11.2,17.2,17.4,19.8,28.5,53,53,54,54,54,55,55,55,56,56,101,7.5,48
2014-10-20,59.0,72.5,47.5,0.0,10.9,17.4,18.1,19.9,28.8,55,55,55,55,55,56,55,55,56,56,267,7.8,43
2014-10-21,47.7,57.0,36.9,0.01,10.3,16.7,17.5,19.6,28.8,49,49,51,51,54,54,55,55,56,56,174,7.1,57
2014-10-22,51.6,61.0,42.1,0.1,10.0,16.6,17.7,19.9,28.5,52,52,52,52,53,53,55,55,56,56,121,8.4,59
2014-10-23,50.0,55.9,43.9,0.27,10.4,17.1,17.3,19.9,28.8,49,49,51,50,52,53,54,54,56,56,183,5.7,77
2014-10-24,47.7,53.8,41.4,0.07,10.1,16.9,17.5,19.5,28.8,49,49,50,50,51,52,54,54,56,56,106,5.5,84
2014-10-25,55.4,69.6,46.6,0.0,10.1,17.1,17.3,19.7,28.8,51,51,51,52,52,52,53,54,56,56,140,9.8,69
2014-10-26,45.3,50.2,40.3,0.0,10.3,17.0,17.8,19.9,28.9,46,46,47,47,50,50,53,53,55,55,243,14.0,61
2014-10-27,41.0,51.1,33.1,0.0,9.6,16.8,17.2,19.6,28.9,44,44,46,46,49,49,52,52,55,55,204,4.2,69
2014-10-28,43.3,46.6,38.7,0.34,9.7,20.6,19.2,19.3,27.9,46,46,46,46,48,48,51,51,55,55,104,9.0,81
2014-10-29,48.6,58.5,40.6,0.0,10.3,21.6,20.4,19.3,28.4,47,47,48,48,49,49,51,51,54,54,119,5.2,79
2014-10-30,54.5,60.3,48.4,0.0,10.6,21.7,20.4,19.3,28.3,50,50,50,50,50,50,51,51,54,54,102,7.6,68
2014-10-31,50.2,62.8,43.9,0.0,10.4,21.7,20.7,19.8,28.5,50,50,51,51,51,51,52,52,54,54,299,4.2,68
2014-11-01,42.8,44.6,39.0,0.08,10.7,21.8,20.2,19.8,28.5,46,46,47,47,49,49,52,52,54,54,285,10.9,85
2014-11-02,39.7,48.9,32.7,0.0,10.9,21.6,20.3,19.3,28.5,43,43,45,45,47,47,51,51,54,54,234,8.6,80
2014-11-03,43.2,46.4,39.4,0.02,11.1,21.5,20.3,19.3,28.5,46,46,46,46,47,47,50,50,53,54,102,6.9,88
2014-11-04,47.8,53.2,44.2,0.3,12.9,26.8,24.8,19.5,28.0,47,47,47,47,47,48,50,50,53,53,161,7.8,91
2014-11-05,51.1,58.3,45.7,0.0,15.0,25.7,24.3,19.3,28.2,49,49,49,49,49,49,50,50,53,53,117,6.0,83
2014-11-06,54.1,67.1,45.9,0.01,15.6,25.1,23.8,19.5,28.2,49,49,49,49,50,50,51,51,53,53,170,11.3,74
2014-11-07,42.4,55.4,28.6,0.0,15.2,24.1,23.6,19.5,28.2,43,44,46,46,48,49,51,51,53,53,157,4.2,70
2014-11-08,43.7,54.3,35.2,0.0,15.3,23.7,23.4,19.5,28.4,45,45,46,46,47,47,50,50,53,53,105,5.9,72
2014-11-09,44.4,48.9,36.1,0.27,16.3,25.5,23.0,19.2,28.4,44,44,45,45,47,47,49,50,52,53,241,11.1,82
2014-11-10,32.0,40.5,21.6,0.0,16.7,25.2,22.8,19.6,28.4,38,38,40,40,44,45,49,49,52,52,348,4.9,81
2014-11-11,22.5,28.2,17.6,0.0,16.0,24.1,22.4,19.3,28.5,34,35,36,36,41,41,47,47,52,52,78,8.7,76
2014-11-12,19.6,29.7,8.1,0.0,14.6,22.9,22.2,19.0,28.5,32,32,34,34,38,38,46,46,51,52,98,6.9,63
2014-11-13,23.4,31.5,15.4,0.0,12.9,21.5,22.1,18.5,28.2,31,32,33,33,36,36,44,44,51,51,102,5.6,60
2014-11-14,18.9,27.0,4.6,0.0,10.2,21.2,21.9,18.6,28.4,30,31,32,33,36,36,43,43,50,50,276,3.8,63
2014-11-15,13.6,30.6,-0.2,0.0,8.9,16.0,21.8,18.4,27.8,28,29,31,31,35,35,42,42,49,50,84,1.7,64
2014-11-16,19.9,34.2,3.9,0.0,8.7,14.3,21.7,18.3,28.0,28,29,30,31,34,34,41,41,49,49,109,5.0,64
2014-11-17,24.1,36.3,14.5,0.0,8.7,14.1,21.7,18.4,28.2,29,29,30,31,33,33,40,40,48,48,108,5.0,62
2014-11-18,30.6,38.7,23.9,0.0,9.6,15.0,21.5,18.5,27.9,31,31,31,31,33,33,40,40,48,48,107,6.2,58
2014-11-19,34.0,44.4,19.2,0.0,10.6,15.9,21.5,18.7,28.1,31,31,31,32,33,34,39,40,47,47,105,4.9,54
2014-11-20,34.5,38.5,25.9,0.08,11.7,20.6,21.4,18.7,27.5,31,32,32,32,34,34,39,40,47,47,112,5.3,68
2014-11-21,38.5,43.5,33.6,0.4,24.9,23.2,21.4,18.5,27.7,32,32,33,33,35,35,39,40,46,46,113,8.6,79
2014-11-22,39.0,43.2,34.0,0.25,23.8,28.9,28.8,18.4,27.7,35,36,36,36,37,37,40,40,46,46,254,16.0,83
2014-11-23,37.4,44.2,32.2,0.11,24.8,29.6,28.0,18.3,27.1,35,36,36,36,37,38,40,41,46,46,244,11.9,90
2014-11-24,34.9,39.9,27.7,0.15,25.8,29.9,27.7,18.5,27.0,36,36,36,36,37,37,40,41,46,46,118,5.9,93
2014-11-25,41.4,47.5,35.8,0.92,32.0,42.4,38.0,18.6,27.5,39,39,39,39,39,40,41,41,46,46,66,8.0,95
2014-11-26,45.3,52.5,39.4,0.06,28.5,33.2,33.7,18.6,27.4,42,42,41,42,41,41,42,42,46,46,176,4.7,93
2014-11-27,49.1,55.0,44.1,0.0,27.1,31.7,32.7,19.0,27.4,44,44,43,44,42,43,43,43,46,46,130,5.2,85
2014-11-28,49.6,52.7,44.8,0.28,30.5,35.2,32.8,19.0,27.9,44,44,44,44,43,44,44,44,46,46,199,10.3,83
2014-11-29,26.8,45.0,3.9,0.1,28.3,33.2,34.8,19.2,27.4,36,36,37,38,40,41,44,44,46,46,265,10.2,90
2014-11-30,11.8,26.4,1.0,0.0,24.3,29.8,33.3,19.5,27.7,34,34,35,35,38,38,42,42,46,46,108,3.1,81
2014-12-01,21.2,27.0,16.3,0.0,23.1,28.4,32.2,19.8,27.9,33,33,34,34,36,37,41,41,46,46,139,4.9,96
2014-12-02,24.3,33.3,14.9,0.0,22.5,28.2,31.5,20.1,27.4,33,33,34,34,36,36,40,40,46,46,98,2.7,88
2014-12-03,24.8,35.4,16.5,0.0,21.5,27.3,31.0,20.2,27.4,32,33,33,33,35,35,40,40,46,46,96,2.8,93
2014-12-04,30.2,36.0,25.7,0.18,23.9,29.2,30.8,20.9,27.5,32,33,33,33,35,35,39,39,45,45,296,3.2,98
2014-12-05,38.8,48.2,29.8,0.01,31.8,39.1,35.2,20.7,26.8,32,33,33,33,35,35,39,39,45,45,97,5.1,92
2014-12-06,39.4,46.4,30.6,0.37,31.2,37.4,37.4,30.7,27.8,35,35,35,35,36,36,39,39,45,45,138,5.8,91
2014-12-07,39.4,45.5,33.6,0.0,29.8,35.1,36.2,31.6,27.7,36,36,36,37,37,37,39,39,44,44,103,5.8,92
2014-12-08,43.5,51.6,38.3,0.0,29.1,33.9,35.9,31.6,27.9,39,39,39,39,38,39,40,40,44,44,101,7.5,86
2014-12-09,46.2,50.5,42.4,0.05,29.4,34.2,35.9,31.6,27.2,41,42,41,41,40,40,40,41,44,44,100,7.4,84
2014-12-10,49.1,55.2,43.9,0.01,28.8,33.9,35.5,31.3,27.0,43,43,42,42,41,41,41,42,44,44,121,8.8,82
2014-12-11,50.4,54.1,46.0,0.14,30.6,35.4,36.2,31.5,27.0,44,44,43,44,42,43,42,43,44,45,102,6.2,79
2014-12-12,42.4,50.5,39.0,0.59,33.5,39.6,39.9,35.2,27.0,41,42,42,42,42,43,43,43,45,45,286,6.0,87
2014-12-13,36.1,40.8,29.5,0.0,30.5,35.3,37.4,34.3,27.8,38,38,39,39,41,41,43,43,45,45,263,5.8,92
2014-12-14,31.6,43.2,23.4,0.0,29.4,34.0,36.7,33.6,27.8,36,36,37,37,39,39,42,42,45,45,105,2.2,86
2014-12-15,33.4,39.2,28.2,0.01,28.8,33.6,36.2,33.1,27.5,35,35,36,36,38,38,41,41,45,45,105,6.4,91
2014-12-16,35.8,39.4,32.9,0.0,28.7,33.4,36.1,32.7,27.8,36,37,37,37,38,38,41,41,45,45,101,5.7,94
2014-12-17,36.9,40.6,32.0,0.0,28.5,33.1,35.6,32.6,27.0,37,37,37,38,38,38,40,41,45,45,98,5.9,92
2014-12-18,39.0,43.5,34.3,0.09,29.5,33.6,35.9,32.2,27.0,38,38,38,39,39,39,40,41,44,44,105,5.8,92
2014-12-19,38.3,40.6,32.5,0.65,32.6,37.4,38.5,35.4,27.0,37,37,38,38,39,39,41,41,44,44,147,6.0,95
2014-12-20,37.8,40.6,34.0,0.96,37.3,45.4,41.7,39.1,27.2,39,39,38,39,39,39,40,41,44,44,115,8.3,98
2014-12-21,44.6,50.0,40.6,0.33,31.7,36.4,38.1,36.1,29.6,40,40,40,40,40,41,41,41,44,44,252,16.7,92
2014-12-22,37.2,42.3,27.1,0.0,30.4,34.9,37.1,35.4,32.3,36,37,38,38,40,40,41,42,44,44,256,8.9,86
2014-12-23,35.6,39.0,31.6,0.07,30.7,34.7,36.7,35.4,34.1,37,38,37,38,38,39,41,41,44,44,102,8.3,91
2014-12-24,35.1,39.0,31.6,0.67,34.0,39.3,40.1,38.2,48.8,36,36,37,37,38,38,41,41,44,44,274,8.0,96
2014-12-25,30.7,35.1,26.1,0.0,31.5,36.2,38.0,37.0,49.9,35,35,36,36,37,37,40,40,44,44,266,5.2,94
2014-12-26,28.9,34.2,24.3,0.01,29.4,34.1,37.0,37.0,50.3,34,34,35,35,36,37,40,40,43,44,256,4.2,92
2014-12-27,30.9,37.4,26.8,0.25,32.8,36.0,36.9,36.7,50.3,33,34,34,34,36,36,39,40,43,44,128,10.2,99
2014-12-28,28.0,33.6,14.4,0.0,32.4,36.7,38.1,36.6,49.8,33,34,34,34,36,36,39,39,43,43,274,7.7,96
2014-12-29,21.2,28.0,9.5,0.0,29.2,33.9,37.0,36.6,50.9,33,33,34,34,35,36,39,39,43,43,58,5.9,88
2014-12-30,7.7,17.6,-3.3,0.0,25.5,31.5,36.0,36.7,50.9,32,33,33,34,35,35,38,39,42,43,99,2.9,83
2014-12-31,9.7,19.9,1.2,0.0,22.8,29.9,35.2,36.0,50.1,32,32,33,33,35,35,38,38,42,43,97,1.8,84
2015-01-01,12.7,19.4,2.5,0.0,18.4,28.1,34.1,35.8,49.9,31,32,32,33,34,35,38,38,42,42,123,4.2,90
2015-01-02,21.4,25.2,16.5,0.0,13.9,27.5,33.3,35.9,50.0,31,32,32,33,34,34,38,38,42,42,112,8.5,97
2015-01-03,26.4,30.6,21.2,0.0,17.2,28.4,33.1,36.0,48.6,32,32,32,33,34,34,37,38,42,42,117,5.2,98
2015-01-04,30.2,34.0,27.7,0.0,21.6,29.5,33.4,35.6,48.5,32,32,32,33,34,34,37,38,42,42,121,7.0,99
2015-01-05,42.6,46.8,34.0,0.58,35.1,40.2,39.8,38.6,53.0,32,32,32,33,34,34,37,37,41,41,231,13.1,89
2015-01-06,42.3,47.1,38.3,0.0,34.1,38.7,39.3,45.7,53.8,33,33,33,33,34,34,37,37,41,41,100,7.2,82
2015-01-07,39.6,49.1,29.3,0.0,31.9,36.1,38.2,44.0,53.8,34,34,35,35,36,36,37,37,41,41,109,5.8,82
2015-01-08,30.6,35.8,25.7,0.0,31.0,35.4,37.5,41.9,53.7,34,34,34,35,35,35,37,38,41,41,325,2.3,88
2015-01-09,29.7,31.8,27.1,0.0,30.6,34.9,37.7,41.2,53.7,34,34,34,34,35,35,37,38,41,41,241,2.6,91
2015-01-10,31.1,34.5,28.9,0.01,30.6,34.9,37.4,40.7,53.7,34,34,34,35,35,35,37,38,41,41,229,3.3,92
2015-01-11,32.4,34.7,30.0,0.04,30.6,34.8,37.5,40.3,53.7,35,35,35,35,36,36,37,38,41,41,351,1.3,92
2015-01-12,31.3,33.6,30.4,0.0,30.3,34.6,37.3,39.7,54.3,34,34,35,35,35,36,38,38,41,41,277,3.7,94
2015-01-13,30.0,33.1,22.1,0.02,29.2,33.8,37.4,39.5,54.3,33,34,34,35,36,36,38,38,41,41,129,1.2,92
2015-01-14,29.8,37.4,23.4,0.0,28.5,33.2,36.8,39.6,54.0,33,33,34,34,35,35,37,38,41,41,104,4.3,90
2015-01-15,32.7,38.5,27.5,0.0,29.2,33.8,36.6,39.3,54.3,33,33,33,34,35,35,37,38,40,41,117,7.6,89
2015-01-16,35.6,41.4,28.8,0.25,31.5,35.9,38.0,40.3,53.9,34,34,34,35,35,36,37,38,40,41,154,7.6,93
2015-01-17,34.5,38.7,32.2,0.91,51.0,47.0,45.5,46.2,53.8,35,35,34,35,35,35,37,38,40,41,101,9.7,97
2015-01-18,41.9,46.2,37.6,0.51,37.0,42.3,45.2,46.4,53.8,36,37,37,37,37,37,37,38,40,41,229,13.1,87
2015-01-19,37.2,43.3,26.4,0.0,32.4,36.5,40.9,46.4,53.9,35,35,36,36,37,37,38,38,40,41,242,7.1,86
2015-01-20,31.6,44.1,23.0,0.0,30.6,35.1,39.6,46.5,53.8,34,34,35,35,36,36,38,38,40,41,115,1.6,81
2015-01-21,32.5,39.2,28.2,0.01,30.7,34.9,39.1,46.5,53.9,33,33,34,34,35,35,38,38,40,41,105,7.0,87
2015-01-22,33.4,37.8,30.6,0.0,30.9,35.1,38.5,46.8,53.8,33,34,34,34,35,35,37,38,40,41,106,7.9,86
2015-01-23,38.3,44.1,33.3,0.04,30.8,35.1,38.5,46.8,53.9,37,37,37,37,36,36,37,38,40,41,105,8.4,89
2015-01-24,44.4,48.4,41.5,0.0,30.7,35.2,38.4,46.9,53.8,39,40,39,39,38,38,38,38,40,41,112,6.5,88
2015-01-25,46.4,54.9,40.5,0.0,30.4,34.5,38.4,46.9,53.9,40,40,40,40,39,40,39,39,40,41,104,8.6,81
2015-01-26,48.9,58.5,41.9,0.0,29.8,34.5,38.3,45.4,53.9,41,41,41,41,40,40,39,40,41,41,101,9.5,70
2015-01-27,43.3,53.2,37.2,0.0,29.7,34.3,38.0,43.4,54.3,40,40,40,40,40,40,40,40,41,41,129,5.5,73
2015-01-28,39.2,48.9,30.2,0.0,29.5,34.0,37.7,42.6,54.3,38,39,39,40,40,40,40,41,41,41,213,3.9,79
2015-01-29,36.0,44.4,30.9,0.0,29.6,34.0,37.5,41.7,54.3,38,38,39,39,39,39,40,40,41,42,122,4.5,84
2015-01-30,30.6,32.4,28.6,0.0,29.4,33.8,37.5,41.3,54.3,36,36,37,37,38,38,40,40,41,42,285,2.3,88
2015-01-31,30.7,34.3,28.6,0.0,29.5,33.7,37.5,41.4,54.3,35,36,36,36,38,38,40,40,41,42,326,2.6,88
2015-02-01,32.4,34.9,30.9,0.01,30.4,34.5,37.7,40.8,53.6,35,35,35,36,37,37,39,39,42,42,145,5.6,93
2015-02-02,36.5,42.4,32.2,0.3,32.7,36.5,38.9,46.7,54.3,37,37,37,37,37,37,39,39,41,42,133,7.2,94
2015-02-03,38.8,41.9,33.4,0.01,31.6,35.6,38.9,47.1,54.3,38,38,38,38,38,38,39,39,41,42,229,4.3,93
2015-02-04,38.3,41.4,34.3,0.03,31.1,35.3,38.7,46.9,54.3,38,38,38,38,38,38,39,39,41,41,101,7.6,95
2015-02-05,46.0,53.4,40.1,0.09,32.2,36.1,38.9,47.1,54.3,41,42,41,41,39,40,39,40,41,41,110,7.7,89
2015-02-06,51.1,58.1,43.5,0.02,31.3,35.8,39.1,47.1,54.3,42,42,42,42,41,41,40,40,41,42,158,6.9,79
2015-02-07,48.4,57.0,45.1,0.39,45.4,47.6,45.0,47.1,53.8,43,43,43,43,42,42,41,41,41,42,180,7.8,81
2015-02-08,46.4,53.6,38.1,0.01,39.7,47.9,44.8,47.2,54.2,43,43,43,43,42,42,41,42,42,42,102,6.2,82
2015-02-09,45.7,49.1,42.3,1.14,51.7,48.5,45.0,47.7,54.8,43,43,43,43,43,43,42,42,42,42,181,8.7,87
2015-02-10,43.9,48.0,40.3,0.11,51.9,49.0,45.5,47.7,55.2,42,42,42,43,42,43,42,42,42,42,218,7.5,91
2015-02-11,44.4,52.2,39.2,0.01,44.0,49.1,45.5,47.7,54.2,43,43,43,43,42,43,42,42,42,43,101,6.9,89
2015-02-12,48.0,59.5,41.0,0.0,39.6,48.4,45.7,47.7,54.3,43,43,43,44,43,44,42,43,43,43,110,6.0,79
2015-02-13,45.9,57.9,39.6,0.0,37.1,42.4,45.9,47.7,54.2,42,43,43,43,43,43,43,43,43,43,111,5.9,76
2015-02-14,41.4,48.4,31.6,0.0,34.9,39.2,44.3,47.7,54.2,42,42,43,43,42,43,43,43,43,43,291,3.7,78
2015-02-15,37.6,48.0,25.9,0.0,34.0,38.0,42.5,47.7,54.2,38,39,40,41,42,43,43,43,43,43,289,2.5,76
2015-02-16,37.0,50.5,26.4,0.0,33.5,37.4,41.5,47.6,54.2,38,38,39,39,41,41,42,42,43,43,102,4.1,74
2015-02-17,36.0,51.3,24.1,0.0,33.0,37.0,41.0,47.7,54.3,36,37,38,38,40,40,42,42,43,43,105,3.8,72
2015-02-18,38.5,52.9,29.1,0.0,32.9,36.8,40.8,47.7,54.3,37,38,38,39,40,40,41,42,43,43,111,4.4,70
2015-02-19,38.8,46.6,30.6,0.12,34.0,37.7,41.4,47.7,54.4,40,40,40,40,40,40,41,41,43,43,235,3.7,74
2015-02-20,39.2,46.9,34.0,0.01,33.2,37.2,41.4,47.7,54.4,40,40,40,40,40,41,41,41,43,43,232,5.2,80
2015-02-21,34.2,43.5,24.4,0.01,32.0,36.2,40.4,47.7,54.4,35,36,37,37,39,40,41,41,43,43,65,6.5,78
2015-02-22,28.0,40.1,18.0,0.0,30.4,35.3,39.2,47.7,53.6,34,34,35,35,37,38,40,41,43,43,106,4.3,69
2015-02-23,29.7,43.9,19.6,0.0,30.7,35.3,38.6,47.7,53.6,33,34,34,35,36,37,40,40,42,43,109,4.2,67
2015-02-24,34.3,48.9,20.7,0.0,31.7,35.5,38.7,48.1,53.7,34,35,35,35,36,37,39,39,42,42,106,4.6,64
2015-02-25,34.3,47.8,20.5,0.0,31.3,35.3,38.7,45.7,53.7,36,36,36,36,37,37,39,39,42,42,259,3.5,61
2015-02-26,36.9,45.1,32.5,0.0,31.0,35.5,38.7,47.6,53.5,37,37,38,38,38,38,39,39,42,42,131,3.5,71
2015-02-27,38.7,51.3,28.8,0.01,30.4,34.8,38.5,44.9,53.6,37,37,38,38,38,39,39,40,42,42,81,5.7,68
2015-02-28,33.1,44.2,17.8,0.0,29.9,34.3,37.9,42.9,53.6,35,35,36,36,38,38,39,40,42,42,28,6.2,61
2015-03-01,30.4,45.3,14.2,0.0,29.5,34.0,37.8,42.4,52.9,34,34,35,35,37,37,39,39,42,42,117,3.9,59
2015-03-02,33.4,40.6,26.6,0.0,29.8,34.3,37.8,41.8,53.5,35,35,36,36,36,37,39,39,41,42,7,4.4,64
2015-03-03,26.6,37.4,16.3,0.0,28.7,33.7,37.4,41.2,52.9,34,34,35,35,36,36,39,39,41,42,325,4.1,64
2015-03-04,30.6,44.6,18.9,0.0,29.0,33.7,37.1,41.3,52.9,33,34,34,35,36,36,38,39,41,41,123,5.1,65
2015-03-05,38.3,53.2,29.7,0.0,29.1,34.0,37.2,40.6,53.5,35,35,36,36,36,37,38,38,41,41,120,6.1,57
2015-03-06,43.2,61.2,30.0,0.0,28.6,33.9,37.1,40.6,53.5,37,38,38,38,38,38,38,39,41,41,126,5.1,54
2015-03-07,42.6,58.1,26.8,0.0,28.6,33.9,37.0,40.3,53.5,38,38,39,39,39,39,39,39,41,41,127,4.6,52
2015-03-08,41.9,59.9,25.2,0.0,28.5,34.2,36.7,40.1,53.5,39,39,40,40,39,40,39,40,41,41,155,4.0,51
2015-03-09,46.6,63.7,34.2,0.0,28.1,33.9,36.8,40.1,53.5,40,40,40,41,40,41,40,40,41,41,130,6.5,50
2015-03-10,52.5,68.7,37.0,0.0,27.9,33.3,36.6,40.1,53.5,43,43,42,43,41,42,40,41,41,41,105,7.2,43
2015-03-11,50.2,57.0,43.5,0.0,28.0,33.5,36.4,39.7,52.8,44,44,43,44,42,42,41,41,41,42,159,3.5,45
2015-03-12,48.4,59.5,36.1,0.0,27.7,33.1,36.4,39.7,52.8,43,43,43,44,43,43,42,42,42,42,202,7.0,52
2015-03-13,52.3,68.4,37.6,0.0,27.7,32.8,36.3,39.1,53.6,45,45,45,45,43,44,42,42,42,42,101,7.8,51
2015-03-14,52.7,55.9,48.0,0.23,30.3,34.8,36.6,39.1,53.5,46,46,46,46,44,44,43,43,42,42,184,6.4,63
2015-03-15,49.1,52.9,45.0,0.48,33.3,38.0,39.3,44.9,53.4,45,45,45,46,44,45,43,44,42,43,188,5.9,83
2015-03-16,45.1,54.0,35.8,0.0,31.4,36.2,38.6,44.6,53.4,45,45,45,45,45,45,43,44,43,43,151,3.5,75
2015-03-17,42.6,46.8,38.3,0.24,33.5,38.5,39.7,46.5,53.4,43,43,43,44,44,44,44,44,43,43,204,6.1,85
2015-03-18,43.5,52.9,35.1,0.19,38.6,47.6,44.8,47.1,54.3,43,43,44,44,44,44,44,44,43,43,237,7.2,80
2015-03-19,46.0,56.5,36.3,0.0,34.8,40.2,43.9,46.8,53.4,44,45,45,45,44,44,43,44,43,44,106,6.1,77
2015-03-20,51.1,61.9,39.7,0.0,33.3,38.8,41.7,47.1,53.5,46,46,46,46,45,45,44,44,44,44,106,6.0,70
2015-03-21,47.1,55.2,35.6,0.04,32.6,37.8,40.7,47.4,52.8,44,44,45,45,45,45,44,45,44,44,237,9.2,64
2015-03-22,45.7,57.9,34.9,0.0,32.3,37.3,40.1,47.2,53.9,45,45,45,45,44,45,44,44,44,44,119,6.3,65
2015-03-23,41.0,48.2,34.9,0.48,51.8,45.7,45.0,47.2,53.4,42,42,43,43,44,44,44,44,44,44,235,9.9,80
2015-03-24,37.2,42.4,33.6,0.52,52.3,46.2,45.2,47.5,54.4,40,40,41,41,42,42,44,44,44,44,165,9.6,87
2015-03-25,41.5,47.1,33.6,0.1,52.5,46.6,45.2,47.5,53.4,43,43,43,43,43,43,43,44,44,44,128,5.5,88
2015-03-26,51.6,64.8,41.5,0.0,44.2,47.0,45.5,47.5,53.4,47,47,47,47,45,46,43,44,44,44,104,6.4,76
2015-03-27,57.6,73.0,46.4,0.08,50.4,47.6,45.4,47.5,53.4,50,50,50,50,47,48,45,45,44,44,111,6.2,65
2015-03-28,46.2,53.8,37.6,0.31,45.2,48.0,45.6,47.5,54.4,45,45,46,46,46,47,46,46,44,44,232,15.9,69
2015-03-29,48.2,61.7,37.8,0.0,41.3,48.2,45.4,47.5,53.5,47,48,48,48,47,47,45,46,45,45,134,5.5,68
2015-03-30,52.2,66.6,40.1,0.0,39.5,44.4,45.2,47.5,53.9,49,49,49,49,47,48,46,46,45,45,122,4.4,64
2015-03-31,45.3,51.3,35.2,0.0,36.6,41.1,44.9,48.1,53.5,44,44,45,45,46,47,46,46,45,45,248,11.7,71
2015-04-01,38.7,48.7,32.0,0.05,35.7,39.6,44.1,48.1,53.7,43,43,44,44,45,45,46,46,45,45,243,11.3,73
2015-04-02,37.2,49.3,26.8,0.01,34.9,38.9,41.7,48.0,53.9,42,42,43,43,44,44,45,45,45,46,206,6.4,71
2015-04-03,42.1,55.0,31.5,0.0,34.6,38.6,41.5,48.0,53.9,44,44,45,45,44,44,45,45,45,45,118,6.9,72
2015-04-04,40.3,49.6,30.2,0.0,34.2,38.2,41.4,48.1,53.9,43,43,44,44,45,45,45,45,45,45,233,5.2,69
2015-04-05,40.1,55.8,24.8,0.0,33.9,38.3,41.1,48.4,53.9,44,44,45,45,45,45,45,45,45,45,141,4.2,65
2015-04-06,37.8,47.8,32.0,0.24,37.0,41.8,45.5,48.0,53.3,42,42,43,43,44,44,45,45,45,45,214,7.8,74
2015-04-07,45.7,60.8,34.2,0.0,35.4,39.6,43.4,48.0,53.3,45,45,46,46,45,45,44,45,45,45,83,6.1,67
2015-04-08,42.4,56.7,28.9,0.0,34.4,38.8,41.7,48.1,53.7,44,45,45,45,45,45,45,45,45,45,284,6.2,64
2015-04-09,43.0,56.7,31.1,0.04,34.7,38.6,42.0,48.0,54.4,45,45,46,46,45,46,45,45,45,45,90,2.8,63
2015-04-10,50.2,65.3,37.2,0.0,34.1,38.3,41.4,48.0,53.3,47,47,47,48,46,47,45,45,45,45,155,6.8,61
2015-04-11,43.2,48.0,34.3,0.11,34.2,38.6,41.7,48.1,53.7,44,44,45,45,46,46,46,46,45,45,238,12.6,70
2015-04-12,39.4,48.9,30.6,0.0,33.9,38.0,41.1,48.0,53.7,43,43,44,44,45,45,45,45,45,46,239,8.8,66
2015-04-13,49.3,65.7,33.8,0.0,33.5,37.7,41.1,48.0,53.7,47,47,47,47,46,46,45,45,45,46,100,9.0,56
2015-04-14,38.1,47.8,28.4,0.08,33.9,38.0,41.5,48.6,53.3,42,42,43,43,45,45,45,45,45,45,260,13.1,69
2015-04-15,38.1,50.9,27.7,0.0,33.3,37.6,40.7,48.6,53.7,42,43,44,44,44,45,45,45,45,46,265,6.5,63
2015-04-16,45.5,61.2,27.9,0.0,33.0,37.4,40.1,48.6,53.7,46,46,47,47,46,46,45,45,45,46,72,4.0,54
2015-04-17,50.5,67.1,29.3,0.0,32.4,37.1,40.0,48.6,53.7,48,48,49,49,47,48,45,46,45,45,150,4.6,47
2015-04-18,49.1,65.7,30.6,0.0,32.0,36.8,40.0,48.7,53.7,47,47,49,49,48,48,46,46,45,46,301,4.9,40
2015-04-19,50.7,68.5,31.6,0.0,31.9,36.8,39.7,48.4,53.8,49,49,50,50,49,49,47,47,46,46,312,3.5,35
2015-04-20,54.1,70.5,34.5,0.0,31.5,36.4,39.3,46.0,53.8,51,51,52,52,50,51,47,47,46,46,137,4.1,37
2015-04-21,56.7,73.0,36.9,0.0,31.1,36.2,39.0,44.7,53.8,52,52,53,53,51,52,48,48,46,46,209,5.3,37
2015-04-22,45.0,53.8,36.3,0.0,30.4,35.6,38.8,44.2,53.7,47,47,49,49,49,50,48,49,47,47,247,10.4,50
2015-04-23,43.2,53.2,31.3,0.0,30.1,35.6,38.6,43.2,53.9,47,47,47,47,48,48,48,48,47,47,140,6.3,56
2015-04-24,44.1,53.4,34.2,0.0,29.8,35.1,38.4,42.5,53.7,45,46,47,47,48,48,48,48,47,47,235,8.4,53
2015-04-25,41.5,49.1,28.9,0.0,29.9,35.3,38.0,42.5,53.8,45,46,47,47,47,47,47,48,47,47,189,4.9,54
2015-04-26,41.7,57.0,25.5,0.0,29.2,34.8,38.1,41.7,53.9,46,46,48,48,48,48,47,47,47,47,250,3.6,46
2015-04-27,52.2,67.5,29.7,0.0,29.1,34.5,37.6,41.7,53.0,50,50,51,51,49,50,47,48,47,47,109,6.5,42
2015-04-28,62.2,79.3,46.0,0.0,28.6,34.3,37.5,41.8,53.9,53,53,54,54,51,52,48,48,47,47,124,9.0,36
2015-04-29,47.8,56.3,35.8,0.0,27.7,33.7,37.4,41.2,53.8,48,49,50,50,51,51,49,49,47,47,247,9.4,50
2015-04-30,47.5,62.1,30.2,0.0,27.0,33.7,36.8,41.2,53.8,49,49,51,51,51,51,49,49,47,47,201,4.8,46
2015-05-01,56.7,71.6,40.8,0.0,26.6,33.2,36.8,40.7,53.8,52,52,52,53,51,52,49,49,48,48,150,7.2,42
2015-05-02,50.0,64.9,31.8,0.0,25.9,32.9,36.4,40.8,53.8,50,50,52,52,52,52,49,50,48,48,274,4.2,38
2015-05-03,51.6,69.4,27.9,0.0,25.4,32.6,36.5,40.4,54.5,51,52,53,53,52,53,50,50,48,48,33,3.1,32
2015-05-04,58.5,75.2,33.3,0.0,24.7,31.9,35.9,40.5,53.9,53,54,55,54,53,54,50,51,48,48,185,6.6,31
2015-05-05,48.6,58.3,35.2,0.0,23.6,31.4,35.4,40.0,53.7,49,49,51,51,52,52,51,51,49,49,256,9.8,41
2015-05-06,46.4,59.2,27.7,0.0,23.0,31.1,35.3,40.3,54.3,51,51,52,52,52,52,50,51,49,49,321,4.8,39
2015-05-07,51.3,68.2,32.4,0.0,22.7,30.6,35.3,40.0,54.3,52,52,54,54,53,53,51,51,49,49,319,5.4,37
2015-05-08,54.1,70.3,30.6,0.0,21.8,30.4,34.7,39.5,53.7,53,53,55,54,54,54,51,51,49,49,16,4.7,32
2015-05-09,54.5,69.6,34.2,0.0,21.5,30.1,34.7,39.3,54.4,53,54,55,55,55,55,52,52,49,49,21,4.4,31
2015-05-10,56.8,73.6,34.9,0.0,20.6,29.5,34.3,39.5,54.4,54,54,56,55,55,55,52,52,49,50,108,4.6,28
2015-05-11,57.6,70.5,39.4,0.0,20.2,29.5,34.1,38.8,54.4,56,56,56,56,55,55,52,53,50,50,32,3.9,33
2015-05-12,54.0,64.4,47.3,0.45,29.2,33.0,34.1,39.2,53.7,55,55,56,56,55,56,53,53,50,50,284,6.1,48
2015-05-13,46.9,52.5,38.5,0.68,32.0,37.1,38.9,44.4,54.4,51,51,52,52,53,53,53,53,50,50,206,6.1,74
2015-05-14,52.5,64.6,36.9,0.0,30.1,35.7,38.2,42.6,54.4,56,56,57,57,55,55,52,53,50,51,324,3.5,59
2015-05-15,52.7,59.2,42.8,0.34,33.5,38.3,40.0,47.9,54.4,54,54,55,55,54,54,53,53,51,51,226,5.0,64
2015-05-16,54.3,64.8,48.2,0.54,36.3,40.9,45.6,47.6,54.4,54,54,55,55,54,54,53,53,51,51,283,8.5,69
2015-05-17,59.0,70.2,49.3,0.01,32.8,38.2,42.5,48.0,54.4,55,55,56,56,56,56,53,53,51,51,92,6.7,58
2015-05-18,59.2,71.1,48.0,0.0,31.3,36.8,41.0,48.4,54.4,58,58,59,59,57,57,53,54,51,51,94,5.1,51
2015-05-19,60.1,72.0,42.4,0.0,30.1,36.0,39.8,48.4,54.4,59,59,60,60,58,59,54,55,51,51,35,4.3,47
2015-05-20,61.0,74.8,43.5,0.0,28.8,35.1,39.5,48.5,54.5,59,60,60,60,59,59,55,55,51,52,94,4.6,45
2015-05-21,60.6,73.8,46.6,0.0,28.4,35.0,39.1,44.9,54.3,60,60,61,61,59,60,56,56,52,52,101,3.6,51
2015-05-22,60.4,74.7,48.6,0.07,28.3,34.9,38.8,42.9,54.5,59,59,60,60,59,60,56,56,52,52,19,4.1,56
2015-05-23,58.8,70.3,47.3,0.18,30.1,35.5,38.4,42.6,54.3,60,60,60,61,59,60,56,56,53,53,306,6.1,59
2015-05-24,59.2,72.3,45.1,0.0,28.1,34.9,38.7,42.6,54.4,60,61,62,62,60,60,56,57,53,53,286,3.2,56
2015-05-25,56.5,66.7,48.9,0.0,27.0,34.5,38.1,42.1,54.4,59,59,60,60,60,60,57,57,53,53,297,3.9,56
2015-05-26,54.1,64.2,42.1,0.1,27.2,34.4,38.1,42.2,54.4,56,56,58,58,58,59,57,57,53,53,342,2.7,59
2015-05-27,56.5,72.1,39.0,0.05,26.8,34.5,37.8,41.6,54.4,59,59,60,60,59,59,56,57,53,54,100,4.1,56
2015-05-28,62.2,75.9,49.6,0.0,25.4,33.5,37.5,41.7,54.4,61,61,62,62,60,61,57,57,54,54,104,5.3,59
2015-05-29,67.8,81.0,54.3,0.0,22.9,32.4,36.6,41.0,54.9,64,64,64,64,62,62,57,58,54,54,114,5.9,51
2015-05-30,67.6,79.0,56.1,0.01,20.6,31.5,36.4,41.0,54.5,63,63,64,64,62,63,58,58,54,54,127,5.6,48
2015-05-31,68.7,79.2,57.7,0.06,20.3,30.8,35.8,40.5,55.0,64,64,65,65,63,63,59,59,54,54,66,4.3,47
2015-06-01,62.6,76.1,54.7,0.22,25.0,32.1,35.4,40.0,54.6,61,61,62,62,62,62,59,60,55,55,113,6.0,64
2015-06-02,56.5,65.8,48.0,0.03,23.9,32.4,35.9,40.6,54.0,58,58,59,59,60,60,59,59,55,55,222,8.0,63
2015-06-03,54.0,65.8,41.7,0.0,23.2,31.9,35.6,40.3,53.8,57,58,59,59,60,60,58,58,55,55,278,2.7,54
2015-06-04,56.1,70.5,38.5,0.0,22.5,31.4,35.6,39.8,54.0,60,60,62,62,61,61,58,58,55,55,355,2.9,46
2015-06-05,60.6,75.9,41.2,0.0,21.9,30.9,35.4,39.8,54.9,62,62,64,64,63,63,58,59,55,55,9,3.1,42
2015-06-06,64.4,81.3,43.2,0.0,21.6,30.8,35.5,39.6,55.1,64,64,65,65,64,64,59,60,55,55,52,2.5,39
2015-06-07,70.5,87.1,48.7,0.0,21.0,30.5,34.8,39.6,54.9,67,67,68,68,65,66,60,60,56,56,145,3.6,39
2015-06-08,75.4,92.3,56.5,0.0,20.9,30.1,34.8,39.5,54.1,69,69,70,70,67,68,61,61,56,56,137,4.8,42
2015-06-09,70.9,86.4,51.1,0.0,20.3,29.8,34.6,39.6,54.2,66,67,69,68,67,68,62,63,56,57,213,4.1,39
2015-06-10,66.2,82.8,48.2,0.0,19.7,29.2,34.2,40.0,54.2,66,66,68,68,67,67,63,63,57,57,280,3.7,32
2015-06-11,65.8,80.8,46.9,0.0,19.3,28.6,33.9,39.5,55.0,65,66,67,67,67,67,63,63,57,58,250,5.1,31
2015-06-12,61.0,72.5,43.7,0.0,19.0,28.1,33.4,39.5,54.1,62,62,65,64,65,66,63,63,58,58,263,8.7,32
2015-06-13,52.2,69.1,30.4,0.0,18.7,27.8,33.0,39.1,54.8,61,62,64,64,65,65,62,63,58,58,352,2.7,31
2015-06-14,57.2,75.7,33.8,0.0,18.6,27.9,33.1,39.2,54.9,63,63,66,65,65,66,62,62,58,58,30,2.4,32
2015-06-15,61.9,80.1,37.8,0.0,18.4,27.8,32.8,39.2,54.9,64,65,67,67,66,66,62,63,58,58,39,2.8,31
2015-06-16,64.2,83.8,39.6,0.0,18.6,27.5,32.7,38.5,53.7,67,67,69,69,67,67,63,63,58,59,337,2.4,32
2015-06-17,63.9,80.6,46.4,0.0,18.3,27.4,32.4,38.8,54.0,65,66,68,68,67,68,64,64,58,59,310,3.7,30
2015-06-18,66.7,81.9,48.9,0.0,18.0,27.3,32.4,38.8,53.6,67,67,69,69,68,68,64,64,59,59,200,3.8,31
2015-06-19,60.3,72.7,41.2,0.0,17.6,27.1,31.8,39.0,53.1,64,64,67,67,67,67,64,64,59,59,260,6.1,32
2015-06-20,57.0,75.4,38.3,0.0,17.2,26.6,31.9,38.6,51.5,64,64,67,67,67,67,64,64,59,60,260,2.4,32
2015-06-21,61.3,75.7,39.9,0.0,17.5,26.4,31.6,38.8,51.0,65,65,67,67,67,67,64,64,60,60,46,2.4,30
2015-06-22,61.9,81.1,38.1,0.0,17.5,26.6,31.4,38.3,50.8,66,66,69,68,67,68,64,64,60,60,115,1.7,29
2015-06-23,61.7,78.3,43.0,0.0,17.1,26.0,31.2,38.7,50.5,65,66,68,68,68,68,64,64,60,60,313,3.3,32
2015-06-24,64.9,83.1,43.2,0.0,17.3,26.2,31.3,38.1,49.5,67,67,69,69,68,68,64,65,60,60,144,2.2,32
2015-06-25,66.0,87.3,42.3,0.0,17.3,26.2,31.2,38.1,48.4,69,69,71,71,70,70,65,65,60,60,42,2.1,30
2015-06-26,73.0,93.2,46.4,0.0,17.1,26.4,31.2,38.1,48.4,71,72,73,73,71,72,65,66,60,61,89,2.9,31
2015-06-27,77.2,97.9,49.6,0.0,17.0,26.3,31.2,38.5,47.4,75,75,76,76,73,73,66,67,61,61,96,2.9,29
2015-06-28,83.5,101.8,63.9,0.0,17.0,26.2,31.4,37.9,47.7,77,77,78,78,75,75,68,68,61,61,112,3.9,28
2015-06-29,78.1,90.9,58.3,0.0,16.9,25.8,31.0,37.9,47.5,74,74,76,76,74,75,69,69,62,62,332,3.4,34
2015-06-30,72.3,90.7,52.2,0.0,16.9,25.7,30.8,37.6,47.4,73,74,76,76,75,75,69,69,62,62,322,3.0,33
2015-07-01,71.8,91.6,49.3,0.0,16.3,25.7,30.8,37.8,47.4,73,74,76,76,75,75,69,69,63,63,285,2.6,29
2015-07-02,72.9,93.2,46.9,0.0,16.2,25.7,30.4,36.8,45.9,74,74,76,76,75,75,70,70,63,63,82,2.4,26
2015-07-03,74.1,95.0,49.5,0.0,16.2,25.5,30.7,37.4,46.3,75,75,77,77,76,76,70,70,64,63,220,2.4,25
2015-07-04,73.0,93.0,48.6,0.0,16.2,25.1,30.6,37.1,46.1,75,75,77,77,76,76,70,70,64,64,241,2.9,24
2015-07-05,71.4,90.0,50.2,0.0,15.9,25.0,29.9,36.5,46.6,73,73,76,75,75,75,70,71,64,64,339,4.1,25
2015-07-06,70.3,92.1,44.8,0.0,15.7,24.7,30.4,36.7,45.0,73,74,76,76,75,75,70,70,64,64,127,2.4,27
2015-07-07,72.9,89.8,50.2,0.0,15.3,24.7,29.6,36.6,46.0,74,74,76,76,75,75,70,71,64,65,18,3.0,26
2015-07-08,72.3,91.8,49.8,0.0,15.0,24.6,30.0,36.6,44.9,73,73,76,76,75,75,70,71,65,65,57,2.6,25
2015-07-09,75.6,93.0,48.2,0.0,14.9,24.4,29.6,36.2,44.9,76,76,77,77,76,76,71,71,65,65,122,3.1,24
2015-07-10,72.7,88.3,65.7,0.14,14.6,24.2,29.1,36.4,45.5,71,71,72,72,73,73,71,71,65,65,115,3.8,37
2015-07-11,65.5,72.9,56.8,0.05,14.9,23.6,28.9,36.4,44.4,68,68,70,70,71,71,70,70,65,65,101,2.8,59
2015-07-12,67.6,81.7,54.0,0.0,15.4,24.2,29.0,36.0,44.7,69,70,71,71,71,71,69,69,65,65,186,2.8,47
2015-07-13,67.1,78.6,56.3,0.0,15.1,24.0,28.8,36.2,45.6,69,69,71,71,71,71,69,69,65,65,167,4.5,41
2015-07-14,66.4,83.8,47.8,0.0,15.1,24.2,28.8,35.6,43.9,69,69,71,71,71,72,69,69,65,65,115,3.0,41
2015-07-15,64.2,82.6,45.1,0.0,14.5,23.9,28.4,35.3,43.6,68,69,71,71,71,72,69,69,65,65,268,4.1,31
2015-07-16,62.1,75.4,41.7,0.0,14.4,23.4,28.7,35.4,44.8,66,66,69,69,70,70,69,69,65,65,246,6.5,30
2015-07-17,61.7,81.0,35.4,0.0,14.4,23.4,28.3,35.2,42.8,67,68,70,70,70,70,68,68,65,65,327,4.4,27
2015-07-18,69.1,85.6,46.0,0.0,14.2,23.0,28.0,34.9,43.7,69,69,72,72,71,72,68,68,65,65,119,3.2,25
2015-07-19,70.3,91.6,43.0,0.0,13.7,22.7,28.3,34.9,44.1,71,71,74,74,73,73,69,69,64,65,114,3.0,23
2015-07-20,72.1,89.8,52.2,0.0,13.6,22.4,28.0,34.9,43.0,71,71,73,73,73,73,69,69,65,65,235,5.5,18
2015-07-21,66.7,84.4,45.1,0.0,13.0,21.7,27.5,34.8,43.0,70,70,72,72,72,72,69,69,65,65,261,6.1,16
2015-07-22,63.9,77.4,46.8,0.0,13.0,21.3,27.7,34.0,43.6,69,69,71,71,71,72,69,69,65,65,267,5.7,24
2015-07-23,62.4,81.1,38.3,0.0,12.6,21.1,27.5,34.0,42.9,69,69,71,71,71,71,69,69,65,65,250,4.2,22
2015-07-24,64.9,81.1,43.7,0.0,12.1,21.1,26.9,33.6,42.2,69,69,71,71,71,71,69,69,65,65,250,5.6,22
2015-07-25,67.1,77.5,51.1,0.0,12.3,20.8,26.7,33.9,42.2,69,69,70,70,70,70,69,69,65,65,254,7.3,28
2015-07-26,59.4,70.7,44.8,0.0,11.9,20.1,26.6,33.4,41.5,65,66,68,68,69,69,68,68,65,65,265,6.0,33
2015-07-27,57.2,68.7,43.0,0.0,11.4,20.1,26.2,33.2,41.9,65,65,67,67,68,68,67,67,65,65,256,6.5,33
2015-07-28,60.6,78.4,41.2,0.0,11.3,20.1,25.9,32.6,40.6,66,66,69,69,69,69,67,67,65,65,129,3.6,32
2015-07-29,66.2,87.1,39.9,0.0,11.5,19.8,26.1,32.5,41.2,67,68,70,70,70,70,67,67,64,65,108,3.3,23
2015-07-30,72.3,95.0,42.4,0.0,10.7,19.4,25.7,32.4,40.0,69,70,72,72,71,72,67,68,64,64,103,3.7,18
2015-07-31,75.4,98.8,44.6,0.0,10.5,19.2,25.8,32.0,40.7,71,71,73,73,73,73,68,68,64,65,100,4.0,14
2015-08-01,73.6,97.9,45.7,0.0,9.7,18.8,25.7,32.0,39.4,71,71,74,73,73,73,69,69,65,65,260,3.8,12
2015-08-02,73.0,97.9,44.2,0.0,9.2,18.6,25.4,31.4,38.3,71,72,74,74,73,73,69,69,65,65,107,3.1,11
2015-08-03,70.2,88.0,45.3,0.0,9.6,18.7,25.0,31.3,39.4,71,71,72,72,71,71,69,69,65,65,272,5.5,15
2015-08-04,69.8,86.4,50.4,0.0,9.0,18.1,24.6,30.9,39.8,70,70,72,72,71,72,69,69,65,65,245,4.2,19
2015-08-05,68.7,79.9,57.0,0.0,9.1,18.0,24.3,30.7,38.2,71,71,72,72,71,72,69,69,65,65,253,7.1,19
2015-08-06,61.3,75.4,39.4,0.0,8.5,18.1,24.0,30.7,38.3,67,68,71,70,71,71,69,69,65,65,269,5.1,25
2015-08-07,61.5,84.4,36.5,0.0,8.4,17.6,23.8,30.3,39.0,67,68,71,71,71,71,69,69,65,65,40,2.3,22
2015-08-08,64.8,86.0,39.2,0.0,8.3,17.8,23.8,30.5,38.0,69,69,71,71,71,71,69,69,65,65,260,2.4,19
2015-08-09,68.9,86.4,46.4,0.0,8.5,17.2,23.2,30.2,37.0,70,71,72,72,71,71,69,69,65,65,28,2.6,20
2015-08-10,71.2,91.9,52.0,0.0,8.1,17.2,23.1,29.9,37.5,69,69,71,71,71,71,69,69,65,65,133,4.2,24
2015-08-11,75.7,99.7,47.1,0.0,8.3,17.2,23.2,29.4,37.8,73,73,74,74,72,72,69,69,65,65,71,3.3,22
2015-08-12,80.4,100.0,59.0,0.0,7.4,17.1,23.0,29.5,37.5,72,72,74,74,73,73,69,69,65,65,117,3.3,18
2015-08-13,76.5,100.0,54.5,0.0,7.9,16.9,22.5,29.8,38.0,73,73,74,74,73,73,69,70,65,65,39,1.9,18
2015-08-14,71.8,85.3,56.7,0.0,7.9,16.2,22.6,29.3,38.0,71,71,72,72,72,72,70,70,65,66,263,7.7,25
2015-08-15,61.5,74.5,42.1,0.0,7.8,16.6,22.1,29.4,37.1,66,67,70,69,71,71,69,69,65,66,254,6.4,37
2015-08-16,57.7,78.6,36.9,0.0,7.4,16.3,22.2,29.1,37.4,66,67,69,69,70,70,69,69,65,66,328,3.0,28
2015-08-17,61.9,81.3,40.3,0.0,7.2,16.1,22.1,28.8,37.4,67,67,69,69,70,70,68,68,65,66,359,3.1,24
2015-08-18,65.5,85.6,42.6,0.0,7.2,15.8,21.9,28.2,37.1,68,68,70,70,70,70,68,68,65,65,352,3.5,19
2015-08-19,69.6,87.6,48.9,0.0,7.4,15.9,21.9,28.2,37.8,70,70,71,71,70,71,68,68,65,65,174,5.6,19
2015-08-20,69.4,84.4,49.8,0.0,7.0,15.8,21.6,28.2,37.8,68,68,70,70,70,70,68,68,65,65,220,7.2,17
2015-08-21,63.7,73.8,46.6,0.0,7.4,15.5,21.5,28.4,38.1,66,66,68,68,69,69,67,68,65,65,267,9.8,21
2015-08-22,56.5,76.8,34.5,0.0,7.2,15.4,21.3,28.4,38.1,64,64,67,66,68,68,67,67,65,65,88,2.4,23
2015-08-23,64.6,87.3,38.5,0.0,6.7,15.6,21.3,28.5,38.1,65,65,67,67,67,67,66,67,65,65,99,4.9,20
2015-08-24,65.3,84.7,42.8,0.0,6.7,15.1,21.3,28.5,38.0,66,67,68,68,67,68,66,66,65,65,209,2.2,16
2015-08-25,69.8,86.7,52.2,0.0,6.6,15.4,21.4,28.2,37.8,68,68,70,69,69,69,66,67,65,65,338,3.3,17
2015-08-26,69.8,91.0,51.3,0.0,6.7,14.9,21.3,28.1,38.0,67,67,69,69,69,69,66,67,64,65,141,3.2,17
2015-08-27,68.0,87.1,49.6,0.0,7.0,15.0,21.3,28.6,36.5,68,68,69,69,69,69,67,67,64,65,212,3.7,17
2015-08-28,72.5,80.6,62.8,0.0,7.0,15.0,21.0,28.6,37.4,69,69,69,69,68,68,67,67,64,65,113,7.5,24
2015-08-29,67.3,80.6,53.6,0.11,6.4,14.9,20.9,28.6,38.0,64,64,66,66,67,67,67,67,64,65,103,8.1,35
2015-08-30,57.2,63.3,48.4,0.0,7.2,14.5,21.1,28.2,38.0,60,60,62,61,64,64,65,66,64,65,208,8.9,58
2015-08-31,58.8,72.5,46.9,0.0,7.1,14.7,20.8,28.4,37.4,61,62,64,63,64,64,64,65,64,64,204,4.4,43
2015-09-01,62.2,76.1,45.5,0.0,7.4,14.9,20.6,28.4,37.7,64,64,65,65,65,65,64,64,64,64,246,4.6,34
2015-09-02,57.0,62.6,48.7,0.0,7.3,14.6,20.8,28.4,36.0,59,59,61,60,63,63,64,64,64,64,209,7.7,53
2015-09-03,53.4,63.9,43.7,0.01,7.2,14.5,20.8,28.5,37.7,58,59,61,61,62,62,63,63,64,64,208,5.5,50
2015-09-04,53.8,70.5,31.8,0.0,7.3,14.8,20.8,28.5,37.7,61,61,62,62,62,63,63,63,63,63,101,4.5,44
2015-09-05,47.3,53.1,43.9,0.48,7.3,14.7,20.8,28.3,36.4,54,54,56,56,59,59,62,62,63,63,179,7.3,74
2015-09-06,48.7,59.7,40.1,0.0,8.0,14.9,20.5,28.6,36.7,53,53,56,55,58,58,61,61,63,63,125,5.3,77
2015-09-07,52.3,64.8,42.4,0.0,8.2,15.2,20.8,28.6,36.7,54,54,57,56,58,59,60,60,62,62,116,4.3,70
2015-09-08,57.2,73.8,44.2,0.0,8.9,15.4,20.5,28.7,36.9,56,57,58,58,59,59,60,60,62,62,122,5.6,55
2015-09-09,62.1,78.6,44.6,0.0,9.3,16.3,20.9,28.6,36.9,57,58,60,60,60,61,60,60,61,62,101,5.5,41
2015-09-10,63.9,83.7,42.1,0.0,10.2,16.4,21.0,28.6,37.3,59,60,62,62,62,62,61,61,61,61,82,3.6,32
2015-09-11,64.2,86.9,42.6,0.0,10.2,16.7,20.7,28.8,37.3,60,61,63,63,63,63,61,61,61,61,94,3.2,28
2015-09-12,69.1,90.0,46.9,0.0,10.6,16.8,21.1,28.5,37.3,62,63,64,64,64,65,62,62,61,61,118,4.7,27
2015-09-13,63.3,77.5,45.5,0.0,10.5,16.8,20.7,28.8,36.9,60,60,63,62,64,64,63,63,61,61,244,7.2,28
2015-09-14,55.4,61.7,48.9,0.0,10.8,16.7,20.9,28.7,36.9,59,59,61,60,62,62,62,62,61,61,265,4.7,32
2015-09-15,50.4,58.6,41.7,0.0,10.8,16.4,20.8,28.2,36.9,57,57,59,59,61,61,62,62,61,61,262,6.8,35
2015-09-16,52.5,62.6,42.6,0.0,10.2,16.4,20.9,28.4,36.9,57,57,59,59,60,60,61,61,61,61,122,4.8,34
2015-09-17,51.4,58.6,47.1,0.34,10.2,16.4,20.7,28.6,36.9,55,55,57,57,59,59,61,61,61,61,119,5.1,59
2015-09-18,53.6,68.0,39.6,0.0,10.6,16.7,20.6,28.5,36.9,55,55,57,57,59,59,60,60,61,61,119,3.6,66
2015-09-19,57.7,72.3,39.9,0.0,11.0,16.4,20.6,28.3,37.3,56,57,58,58,59,59,60,60,61,61,143,5.4,54
2015-09-20,65.5,78.3,50.5,0.0,10.8,16.7,20.6,28.3,37.3,59,59,60,60,60,60,60,60,60,60,200,9.8,40
2015-09-21,59.4,71.8,39.2,0.0,11.0,16.7,20.7,28.5,37.3,56,57,59,59,60,61,60,60,60,60,264,5.6,44
2015-09-22,51.3,68.5,36.5,0.0,11.2,16.7,21.1,28.5,37.3,54,54,57,56,59,59,60,60,60,60,359,2.6,42
2015-09-23,51.1,72.3,32.4,0.0,10.8,17.0,21.1,28.3,37.3,53,54,57,56,59,59,59,60,60,60,321,2.7,35
2015-09-24,59.7,81.9,37.2,0.0,10.8,16.6,21.1,28.4,36.8,55,55,57,57,58,59,59,59,60,60,106,5.8,28
2015-09-25,60.3,78.3,40.1,0.0,11.1,16.8,20.8,28.3,37.2,56,57,59,59,60,60,59,59,60,60,98,4.2,29
2015-09-26,51.3,68.0,32.2,0.0,10.8,16.7,20.6,28.3,37.2,53,53,57,56,59,59,59,60,60,60,284,6.5,34
2015-09-27,43.9,66.0,25.7,0.0,10.7,16.6,20.7,28.4,37.5,51,52,55,55,57,58,59,59,60,60,358,2.4,34
2015-09-28,48.9,73.2,25.3,0.0,10.4,16.6,20.8,28.5,37.5,52,53,55,55,57,57,58,58,60,60,100,2.9,29
2015-09-29,55.4,79.5,32.9,0.0,10.9,16.8,20.8,28.5,37.0,55,55,57,57,58,58,58,58,59,59,85,3.3,25
2015-09-30,59.2,81.3,36.7,0.0,10.9,16.8,20.9,28.4,36.7,57,58,59,59,58,59,58,58,59,59,55,3.4,24
2015-10-01,59.7,77.2,39.9,0.0,10.6,16.7,20.8,28.4,37.4,56,56,58,58,59,59,58,59,59,59,83,2.7,29
2015-10-02,56.3,69.6,37.2,0.0,10.6,16.5,20.8,28.4,37.4,57,58,58,58,58,59,58,59,59,59,286,6.1,32
2015-10-03,56.5,72.3,46.8,0.03,10.6,16.7,20.9,28.4,37.4,56,56,58,58,58,59,58,59,59,59,27,5.2,39
2015-10-04,53.6,70.7,33.6,0.0,10.0,16.2,20.9,28.4,37.0,54,54,57,56,58,58,58,59,59,59,52,3.8,35
2015-10-05,52.2,72.5,32.7,0.0,10.0,16.5,20.8,28.4,37.4,54,54,56,56,58,58,58,58,59,59,106,3.3,33
2015-10-06,58.1,73.9,46.4,0.0,10.0,16.6,20.6,28.4,36.7,57,57,58,58,58,58,58,58,59,59,118,4.6,32
2015-10-07,56.5,64.8,52.0,0.23,10.2,16.5,20.8,28.4,36.6,57,57,57,57,57,58,58,58,58,59,143,3.9,47
2015-10-08,61.5,72.5,53.6,0.0,9.8,16.6,20.9,28.4,37.0,58,58,58,58,58,58,58,58,58,59,99,6.5,66
2015-10-09,63.9,77.5,53.6,0.0,10.0,16.2,20.8,28.4,37.4,57,57,58,58,59,59,58,59,58,59,127,5.9,53
2015-10-10,61.9,77.9,48.0,0.0,10.2,16.4,20.8,28.4,37.0,57,57,58,58,59,59,58,59,58,59,206,8.4,50
2015-10-11,52.5,61.9,43.5,0.0,10.1,16.3,20.4,28.5,37.0,53,53,55,55,57,57,58,58,58,59,248,11.4,51
2015-10-12,56.7,71.1,41.7,0.0,10.0,16.3,20.9,28.5,37.0,54,54,56,56,57,57,58,58,58,59,116,6.2,37
2015-10-13,54.0,70.5,36.9,0.0,10.0,16.0,20.9,28.7,37.0,53,54,56,55,57,57,57,58,58,58,190,4.8,39
2015-10-14,50.7,71.1,35.4,0.0,10.0,16.1,20.9,28.7,37.4,52,53,55,55,56,57,57,57,58,58,82,2.1,42
2015-10-15,52.9,75.4,35.6,0.0,10.0,16.3,20.5,28.0,36.6,53,53,55,55,56,56,57,57,58,58,96,2.8,42
2015-10-16,57.6,80.8,36.9,0.0,10.3,16.2,20.9,28.0,37.7,54,54,56,55,56,57,57,57,58,58,106,3.8,35
2015-10-17,59.0,70.7,48.7,0.0,10.3,16.0,20.9,28.0,37.3,55,55,56,56,56,57,57,57,58,58,88,5.6,31
2015-10-18,54.7,63.0,44.6,0.01,9.7,16.3,20.3,28.0,36.6,56,56,56,56,56,57,57,57,58,58,116,2.5,44
2015-10-19,51.4,60.4,43.9,0.0,10.2,15.9,20.6,28.0,36.6,54,54,55,55,56,56,57,57,58,58,288,3.8,55
2015-10-20,49.1,62.8,32.9,0.0,10.0,16.1,20.6,28.0,36.6,50,51,53,53,55,56,57,57,58,58,269,4.5,52
2015-10-21,48.2,64.2,38.1,0.0,9.3,16.0,20.7,28.2,36.8,51,51,53,53,54,55,56,56,57,58,105,4.9,53
2015-10-22,45.0,60.3,28.6,0.0,9.6,15.6,20.4,28.3,37.5,48,48,51,51,54,54,56,56,57,57,195,4.1,46
2015-10-23,45.5,59.5,24.8,0.0,9.9,15.7,20.3,28.0,36.8,50,50,51,51,53,53,55,55,57,57,108,5.4,51
2015-10-24,51.8,57.4,45.5,0.0,9.2,15.8,20.4,28.0,36.8,50,50,51,51,52,53,55,55,57,57,99,7.2,49
2015-10-25,53.6,67.8,46.2,0.0,9.3,15.6,20.6,28.2,36.8,51,52,52,52,53,53,54,55,57,57,100,8.2,43
2015-10-26,47.7,52.3,44.6,0.08,9.5,15.5,20.4,28.2,37.1,50,50,51,51,52,52,54,54,56,56,216,5.1,65
2015-10-27,47.3,57.6,40.3,0.01,9.1,15.5,20.5,28.2,37.1,48,48,50,50,52,52,54,54,56,56,105,6.7,75
2015-10-28,46.0,55.6,40.6,0.08,9.3,15.6,20.1,28.3,37.1,49,49,50,50,51,51,54,54,56,56,140,7.2,71
2015-10-29,47.1,55.0,42.1,0.02,9.5,15.8,20.3,27.7,37.1,48,49,49,49,51,51,53,53,56,56,241,6.8,80
2015-10-30,52.0,60.1,45.7,0.12,9.7,15.5,20.3,27.9,37.1,51,51,51,51,51,51,53,53,56,56,211,12.4,79
2015-10-31,52.7,56.5,48.6,0.9,24.2,33.4,33.8,27.7,37.3,50,50,51,51,52,52,53,53,55,55,231,10.5,90
2015-11-01,46.8,51.8,40.1,0.02,21.2,29.4,31.0,28.5,37.3,46,46,47,47,50,50,53,53,55,55,208,8.5,84
2015-11-02,41.2,47.8,32.2,0.0,19.8,28.0,29.9,28.0,37.2,45,45,46,46,48,49,52,52,55,55,191,3.1,85
2015-11-03,36.0,39.4,30.4,0.0,19.0,27.3,29.1,27.7,36.9,42,42,44,44,47,47,51,51,55,55,293,4.5,89
2015-11-04,33.1,41.7,25.2,0.0,18.4,26.6,28.8,27.8,36.8,39,40,41,42,45,45,50,50,54,54,350,4.3,84
2015-11-05,33.8,39.9,29.8,0.25,23.4,29.8,28.7,27.3,37.0,39,40,41,41,44,44,49,49,54,54,110,3.9,94
2015-11-06,37.2,44.1,29.7,0.24,24.4,31.5,31.6,27.6,37.0,41,41,42,42,44,44,48,48,53,53,103,8.6,94
2015-11-07,43.2,51.6,36.9,0.0,22.7,29.9,30.9,27.6,37.2,43,43,43,44,44,44,48,48,53,53,105,10.7,90
2015-11-08,43.9,48.4,41.0,0.32,30.0,38.7,39.2,27.6,37.5,44,44,44,44,45,45,48,48,52,53,106,6.1,88
2015-11-09,40.3,42.1,38.1,0.7,31.2,37.2,37.7,27.5,36.4,42,42,43,43,45,45,48,48,52,52,284,8.8,93
2015-11-10,36.1,41.0,30.6,0.0,27.1,33.5,35.4,29.5,36.4,40,40,41,41,44,44,47,48,52,52,242,5.5,92
2015-11-11,37.0,45.1,29.8,0.07,26.9,33.4,35.3,30.0,36.6,38,39,40,40,43,43,47,47,52,52,204,7.5,90
2015-11-12,36.7,42.4,26.4,0.0,25.9,32.7,35.0,30.5,36.6,40,40,40,40,42,42,46,46,51,51,122,6.1,90
2015-11-13,45.5,49.5,39.4,0.12,27.2,33.4,35.3,30.4,36.6,43,43,43,43,43,44,46,46,51,51,147,11.3,91
2015-11-14,46.0,52.5,41.0,0.0,26.0,32.6,34.9,30.8,36.9,42,42,43,43,44,44,47,47,51,51,106,8.2,84
2015-11-15,41.7,54.7,32.5,0.01,25.5,32.3,34.8,30.7,36.2,39,39,41,41,44,44,47,47,51,51,184,11.5,83
2015-11-16,32.7,38.5,26.1,0.0,25.0,31.8,34.3,30.8,36.2,37,38,39,39,41,42,46,46,50,50,229,7.4,85
2015-11-17,42.3,53.6,32.0,0.73,32.6,37.2,39.5,34.7,35.8,41,41,42,42,42,42,45,45,50,50,177,17.7,87
2015-11-18,35.1,40.6,28.9,0.0,28.2,33.9,36.4,35.2,36.4,36,37,38,38,41,41,45,45,50,50,241,10.4,77
2015-11-19,32.4,35.4,26.8,0.02,27.8,33.8,35.9,34.7,36.7,36,36,37,38,40,40,44,44,49,49,100,4.2,86
2015-11-20,28.4,36.5,18.5,0.01,25.5,32.2,35.4,34.6,36.6,35,35,36,36,39,39,44,44,49,49,62,3.7,81
2015-11-21,29.8,36.0,25.2,0.0,24.1,31.4,34.5,34.2,35.6,34,34,35,35,38,38,43,43,49,49,107,9.1,86
2015-11-22,33.4,42.6,28.4,0.0,24.1,31.1,34.1,33.7,35.3,34,34,35,35,37,38,42,42,48,48,106,7.6,78
2015-11-23,35.6,45.3,26.4,0.0,25.1,31.2,34.1,33.4,36.1,34,35,35,35,37,38,42,42,48,48,111,7.3,73
2015-11-24,33.6,36.3,29.8,0.2,30.4,35.2,35.7,33.1,35.8,36,36,36,36,38,38,42,42,47,48,26,4.8,83
2015-11-25,29.8,36.5,24.3,0.0,25.4,32.1,35.1,33.1,36.3,34,34,35,35,37,37,42,42,47,47,26,8.9,77
2015-11-26,24.3,37.6,14.2,0.0,23.4,30.7,34.3,33.3,36.2,33,33,34,34,36,37,41,41,47,47,68,2.2,73
2015-11-27,23.2,33.8,13.5,0.0,22.1,29.8,33.6,33.3,35.9,33,33,34,34,36,36,41,41,47,47,19,3.5,81
2015-11-28,19.6,21.6,17.6,0.0,20.9,28.5,33.1,33.4,35.3,32,33,33,34,36,36,40,40,46,46,249,1.9,90
2015-11-29,19.4,19.9,18.7,0.0,19.5,27.9,32.4,33.0,35.5,32,32,33,33,35,35,40,40,46,46,149,1.4,89
2015-11-30,20.5,21.6,18.3,0.0,18.8,27.1,32.0,33.1,35.5,32,32,33,33,35,35,39,40,46,46,144,2.8,90
2015-12-01,25.9,31.6,16.7,0.0,18.6,27.0,31.9,32.9,35.7,32,32,33,33,35,35,39,39,45,46,118,8.9,90
2015-12-02,30.4,34.0,27.0,0.01,20.1,27.4,31.6,32.7,35.7,32,32,33,33,35,35,39,39,45,45,114,11.8,93
2015-12-03,38.3,44.1,31.3,0.08,33.3,34.8,36.0,32.7,35.7,32,32,33,33,35,35,39,39,45,45,115,11.9,87
2015-12-04,37.8,41.9,30.9,0.04,31.7,35.5,37.2,34.9,35.0,32,33,33,33,35,35,38,39,45,45,209,5.8,87
2015-12-05,36.7,43.7,31.5,0.0,32.5,36.4,37.4,34.9,35.0,32,33,33,33,35,35,38,39,44,44,106,8.8,83
2015-12-06,39.6,42.4,36.1,0.5,33.3,36.8,38.4,37.5,35.2,35,35,35,35,35,35,38,38,44,44,127,7.9,89
2015-12-07,40.8,49.1,37.2,1.61,33.5,37.2,38.7,42.0,52.4,39,39,38,39,37,37,38,39,43,44,140,10.2,95
2015-12-08,46.6,52.3,38.7,0.67,35.1,38.8,40.2,45.2,52.3,42,42,41,42,40,40,39,40,43,44,133,7.3,96
2015-12-09,45.0,53.2,34.5,0.24,31.6,36.0,38.4,45.8,52.3,38,39,39,40,40,41,41,41,44,44,220,14.1,83
2015-12-10,38.5,43.2,34.7,0.51,32.3,36.4,39.3,45.7,53.4,37,37,38,38,39,39,41,41,44,44,133,9.1,89
2015-12-11,37.6,43.5,33.8,0.01,30.9,35.6,38.0,46.0,53.4,37,38,38,38,39,39,41,41,44,44,102,5.9,89
2015-12-12,34.5,38.1,32.2,0.6,36.2,44.5,43.7,45.9,53.9,36,36,36,36,38,38,41,41,44,44,124,7.1,94
2015-12-13,36.9,40.6,33.3,0.02,32.0,36.4,39.3,46.3,53.2,36,36,37,37,38,38,40,41,44,44,230,5.2,93
2015-12-14,32.5,33.6,31.6,0.0,30.9,35.5,38.3,46.2,53.2,35,35,36,36,37,38,40,40,44,44,272,6.1,95
2015-12-15,30.6,32.9,28.0,0.0,29.6,34.3,37.4,43.0,53.2,34,34,35,35,37,37,40,40,44,44,244,6.4,94
2015-12-19,32.4,35.2,28.6,0.02,32.5,36.2,38.4,46.4,52.7,35,35,35,35,36,36,39,39,43,43,142,5.9,97
2016-07-09,59.9,71.8,46.8,0.25,12.0,26.2,26.7,31.7,42.8,62,62,64,64,64,64,61,62,58,58,239,3.9,53
2016-07-10,50.4,55.2,43.0,0.04,12.1,25.1,26.0,31.3,41.4,56,56,58,58,59,60,60,61,58,58,212,4.4,65
2016-07-11,58.3,72.0,43.9,0.0,12.7,25.0,26.1,31.6,41.4,58,58,60,60,60,60,59,60,58,58,172,4.4,56
2016-07-12,58.8,72.1,47.5,0.02,12.8,24.3,26.2,31.7,41.8,59,59,61,61,61,61,59,59,58,58,149,3.5,51
2016-07-13,60.6,78.8,44.1,0.0,12.8,24.2,25.8,31.7,41.8,62,62,64,64,63,64,59,60,57,58,173,1.8,46
2016-07-14,63.9,83.5,39.6,0.0,13.0,23.5,25.8,31.1,42.5,65,65,68,68,66,66,60,60,57,58,133,2.1,41
2016-07-15,60.4,74.8,42.8,0.0,12.3,22.9,25.8,31.2,42.5,64,64,67,67,66,66,61,61,57,58,252,5.1,39
2016-07-16,59.2,75.4,41.0,0.0,12.2,22.7,25.7,31.2,42.5,65,65,67,67,66,67,61,62,58,58,283,3.7,36
2016-07-17,63.7,81.3,43.2,0.0,11.8,22.2,25.6,31.3,42.6,66,66,68,68,66,67,62,62,58,58,120,2.7,36
2016-07-18,63.5,79.0,45.0,0.0,11.6,21.9,25.4,31.3,42.6,66,66,68,68,67,67,62,62,58,58,247,4.6,37
2016-07-19,61.5,79.7,42.8,0.0,11.4,21.4,25.3,30.9,41.7,66,66,67,67,66,67,62,62,58,58,288,3.5,40
2016-07-20,64.6,82.6,45.1,0.0,11.5,21.1,25.4,31.1,42.6,68,68,70,70,68,69,62,63,58,58,202,3.0,39
2016-07-21,69.6,93.2,41.9,0.0,10.9,21.2,25.1,31.1,41.7,70,71,73,72,70,70,63,63,58,59,72,2.8,34
2016-07-22,63.1,76.6,45.9,0.0,10.4,20.6,24.9,31.2,41.7,65,65,67,67,67,67,64,64,59,59,270,6.8,40
2016-07-23,59.9,78.3,41.7,0.0,10.2,20.2,24.6,30.8,41.8,66,66,69,69,68,68,63,63,59,59,254,3.1,39
2016-07-24,65.1,86.4,39.2,0.0,9.4,20.1,24.6,30.7,41.8,69,69,71,71,69,69,63,64,59,59,62,2.2,34
2016-07-25,70.0,92.8,43.9,0.0,9.6,19.8,24.9,30.7,42.2,71,71,73,73,70,71,64,64,59,59,34,2.4,31
2016-07-26,70.3,90.9,48.0,0.0,9.0,19.5,24.4,30.8,42.2,73,73,75,74,71,72,64,65,59,60,295,2.7,31
2016-07-27,70.3,90.9,48.6,0.0,8.3,18.9,24.5,30.3,41.8,72,72,74,74,71,72,65,65,60,60,296,2.7,32
2016-07-28,73.0,94.6,48.2,0.0,8.1,19.0,24.1,30.7,41.8,73,74,76,75,73,73,65,66,60,60,277,2.0,29
2016-07-29,75.0,96.3,50.0,0.0,7.4,18.4,23.8,30.7,41.8,74,75,76,76,73,74,66,66,60,60,134,2.3,27
2016-07-30,72.3,89.6,50.5,0.0,6.8,18.0,23.7,30.2,42.3,72,72,74,74,73,73,66,67,60,61,239,6.0,24
2016-07-31,64.6,81.7,43.5,0.0,6.4,17.8,23.6,29.9,42.3,69,69,72,72,71,72,66,67,61,61,248,5.2,25
2016-08-01,63.5,86.7,37.9,0.0,6.6,17.3,23.5,29.7,42.3,69,70,72,72,71,71,66,66,61,61,311,2.2,24
2016-08-02,62.2,78.3,40.8,0.0,6.2,17.1,23.1,30.1,41.4,67,68,69,69,69,69,65,66,61,61,259,8.9,24
2016-08-03,60.4,76.8,41.0,0.0,6.0,16.8,23.2,30.0,41.7,68,68,70,70,69,69,65,65,61,61,193,4.2,29
2016-08-04,67.5,86.5,44.6,0.0,5.9,16.8,23.1,29.5,41.7,69,69,71,71,70,70,65,65,61,61,88,3.7,28
2016-08-05,71.4,91.9,43.7,0.0,5.5,16.5,22.8,30.0,41.5,71,71,72,72,70,70,65,65,61,61,112,3.7,25
2016-08-06,69.3,86.7,45.9,0.0,5.9,16.1,22.6,29.4,40.9,70,70,72,72,70,71,65,66,61,61,309,3.5,22
2016-08-07,59.7,78.8,41.4,0.0,5.4,15.6,22.3,29.6,41.0,66,66,69,69,68,68,65,65,61,61,279,3.5,28
2016-08-08,59.2,72.7,44.2,0.04,5.7,15.4,22.6,29.3,40.4,67,67,68,68,67,68,64,65,61,61,281,4.3,30
2016-08-09,54.7,63.3,51.4,0.35,5.6,18.1,22.4,29.4,39.7,62,62,63,63,64,64,64,64,61,61,37,2.7,56
2016-08-10,61.7,78.6,48.7,0.0,5.6,17.4,22.4,28.9,40.2,63,63,65,65,65,65,63,63,61,61,138,3.4,50
2016-08-11,66.2,84.7,47.7,0.0,6.2,17.2,22.4,29.4,39.0,64,65,67,67,66,66,63,63,60,61,123,3.4,43
2016-08-12,69.1,88.5,46.2,0.0,6.2,17.2,22.7,29.4,38.5,66,67,69,69,67,67,63,63,60,60,118,3.2,37
2016-08-13,72.1,91.2,47.1,0.0,6.7,16.9,22.6,29.0,37.6,69,69,71,71,69,69,64,64,60,60,126,3.6,32
2016-08-14,73.2,93.7,49.1,0.0,6.8,16.8,22.4,29.0,38.5,69,70,72,71,70,70,64,65,60,60,157,3.6,28
2016-08-15,67.6,91.9,44.2,0.0,6.6,16.8,22.8,29.0,37.8,69,70,71,71,70,70,65,65,60,61,304,2.2,28
2016-08-16,67.8,92.3,44.1,0.0,6.7,17.0,22.6,28.3,36.8,70,71,72,72,70,71,65,65,61,61,305,2.2,26
2016-08-17,68.2,91.2,43.2,0.0,6.3,16.6,22.6,29.3,37.0,70,71,72,72,70,71,65,65,61,61,301,2.7,25
2016-08-18,72.0,92.3,48.4,0.0,6.2,16.3,22.2,28.6,36.6,71,71,72,72,70,70,65,66,61,61,299,5.0,21
2016-08-19,69.1,85.8,46.2,0.0,5.7,16.5,22.2,28.8,35.3,69,69,71,71,70,70,66,66,61,61,45,4.1,20
2016-08-20,64.9,90.5,37.4,0.0,5.3,16.0,21.9,28.8,35.4,68,68,71,71,70,70,65,66,61,61,92,2.6,21
2016-08-21,72.3,89.2,42.1,0.0,5.6,15.7,22.1,28.7,35.3,71,71,71,71,69,69,65,66,61,62,219,9.0,15
2016-08-22,57.9,70.9,39.7,0.0,5.7,15.6,22.0,28.7,35.3,64,64,67,67,67,67,65,65,61,62,255,6.8,27
2016-08-23,56.1,76.5,34.5,0.0,5.7,15.8,21.6,28.7,35.3,65,65,67,67,67,67,64,65,61,62,263,2.9,27
2016-08-24,62.8,81.0,37.9,0.0,5.2,15.6,22.0,28.7,35.3,65,65,67,67,66,67,64,64,61,61,79,3.5,26
2016-08-25,64.0,82.6,40.5,0.0,5.3,15.4,21.6,28.8,35.3,66,66,68,68,67,67,64,64,61,61,45,3.2,23
2016-08-26,65.3,84.6,41.4,0.0,5.5,15.3,21.9,28.8,35.7,67,68,69,69,67,68,64,64,61,61,145,3.5,19
2016-08-27,71.8,84.9,56.3,0.0,5.4,15.2,21.8,28.1,35.6,69,69,69,69,67,67,64,64,61,61,217,10.7,21
2016-08-28,63.9,82.2,45.9,0.0,5.3,15.2,22.1,28.8,35.3,66,67,69,68,67,68,64,64,61,61,217,3.5,28
2016-08-29,71.2,90.3,47.8,0.0,5.0,15.2,21.9,28.8,35.7,69,69,70,70,68,68,64,65,61,61,136,5.4,20
2016-08-30,66.9,86.4,43.7,0.0,5.3,15.1,21.8,28.7,35.3,65,66,67,67,67,67,65,65,61,61,205,3.9,23
2016-08-31,60.1,79.7,37.4,0.0,5.3,14.8,21.4,28.8,35.3,66,66,67,67,66,67,64,64,61,61,306,3.5,28
2016-09-01,61.0,72.3,47.1,0.0,5.3,14.2,21.3,28.1,35.3,65,66,66,66,65,66,64,64,61,61,272,6.0,31
2016-09-02,55.0,67.8,43.5,0.08,4.7,14.4,21.2,28.2,35.3,60,60,62,62,64,64,63,63,61,61,217,5.5,44
2016-09-03,52.9,67.8,34.2,0.0,4.6,14.6,21.4,28.5,35.8,59,59,62,62,63,63,62,63,61,61,259,3.7,41
2016-09-04,51.3,70.3,27.9,0.0,5.0,14.4,21.4,28.1,35.0,60,60,63,62,63,63,62,62,61,61,303,4.3,37
2016-09-05,52.3,69.1,35.6,0.0,4.7,14.4,21.3,28.1,36.0,60,60,62,62,62,62,61,62,61,61,251,4.4,35
2016-09-06,51.4,54.1,44.8,0.18,4.6,14.4,21.1,28.3,35.6,57,57,59,58,60,60,61,61,60,60,131,3.1,46
2016-09-07,58.1,68.4,49.6,0.0,4.8,14.2,21.1,28.0,36.0,59,59,60,60,60,60,60,60,60,60,184,6.5,54
2016-09-08,56.7,68.0,36.9,0.0,4.7,14.2,20.6,28.2,35.6,57,57,59,59,60,60,60,60,60,60,243,7.3,44
2016-09-09,51.6,71.6,30.7,0.0,5.0,14.2,20.6,28.2,35.9,57,57,60,60,60,60,60,60,60,60,183,2.2,40
2016-09-10,62.8,81.1,44.1,0.0,5.1,14.6,21.0,28.2,35.2,61,61,62,62,61,61,60,60,59,59,148,6.1,30
2016-09-12,52.7,66.9,36.1,,5.0,14.3,20.5,28.2,35.4,56,56,59,59,60,60,60,60,59,59,47,7.5,30
2016-09-13,48.4,70.3,26.1,0.0,4.8,14.0,20.8,28.3,35.4,56,56,59,59,60,60,59,59,59,59,69,2.5,31
2016-09-14,50.0,72.3,28.8,0.0,5.3,14.3,20.8,28.3,35.4,56,57,59,59,59,60,59,59,59,59,271,3.1,28
2016-09-15,57.2,78.1,35.2,0.0,4.8,14.2,20.6,28.3,35.4,58,58,60,60,60,60,59,59,58,59,126,3.5,26
2016-09-16,62.4,80.6,40.8,0.0,4.7,14.5,20.8,28.3,35.4,61,61,62,62,61,61,59,59,58,59,137,5.3,25
2016-09-17,60.3,66.6,55.8,0.07,4.8,14.1,20.9,28.3,35.4,58,58,58,58,59,59,59,59,58,58,225,8.2,51
2016-09-18,57.6,67.8,45.3,0.0,4.8,14.2,20.9,28.5,35.4,57,57,58,58,59,59,59,59,58,58,237,7.9,59
2016-09-19,54.9,61.9,45.9,0.0,4.8,14.4,20.3,28.5,35.4,56,56,57,57,58,58,58,58,58,58,232,5.8,48
2016-09-20,50.9,66.9,32.4,0.0,4.7,14.4,20.5,27.8,35.4,54,54,57,57,58,58,58,58,58,58,114,2.0,45
2016-09-21,49.1,63.7,30.2,0.0,4.8,14.4,20.5,28.0,35.3,56,56,57,57,57,57,57,58,58,58,327,2.3,44
2016-09-22,52.9,60.3,46.2,0.0,4.8,14.2,20.5,28.0,35.3,56,56,57,57,57,57,57,58,58,58,295,5.7,44
2016-09-23,52.0,63.3,42.1,0.03,4.8,13.9,20.0,27.9,35.3,56,56,57,57,57,57,57,57,57,58,271,6.4,44
2016-09-24,49.8,63.7,36.3,0.01,4.9,14.1,20.2,28.1,35.3,54,54,56,56,57,57,57,57,57,58,267,3.7,49
2016-09-25,59.2,74.1,45.3,0.0,5.1,14.2,20.3,28.1,35.3,58,58,59,59,58,58,57,57,57,57,122,5.0,38
2016-09-26,67.8,86.7,55.4,0.0,5.1,14.3,20.8,28.0,35.3,61,61,61,61,60,60,58,58,57,57,114,6.9,32
2016-09-27,63.3,78.8,45.9,0.0,4.9,14.5,20.7,27.8,35.3,60,60,62,62,61,61,58,58,57,57,205,4.3,35
2016-09-28,62.4,81.7,43.3,0.0,4.9,14.0,20.9,28.3,35.3,61,61,62,62,61,61,59,59,57,58,108,3.8,36
2016-09-29,61.3,79.5,42.1,0.05,4.9,14.1,20.5,28.3,36.0,61,61,62,62,61,61,59,59,57,58,214,3.1,35
2016-09-30,61.2,77.0,43.0,0.0,4.7,14.2,20.3,28.3,35.8,60,60,61,61,60,60,59,59,58,58,306,4.3,41
2016-10-01,50.0,62.4,34.9,0.0,4.4,13.8,20.2,28.5,35.8,54,54,57,57,58,59,59,59,58,58,280,5.3,47
2016-10-02,52.0,70.3,29.7,0.0,4.7,13.9,20.3,28.0,35.8,56,56,57,57,58,58,58,58,58,58,34,5.2,39
2016-10-03,48.9,56.1,44.1,0.0,4.1,13.9,19.8,28.1,35.8,54,54,55,55,56,56,57,57,57,58,269,7.1,48
2016-10-04,44.6,50.2,34.2,0.25,4.4,13.8,20.2,27.8,35.8,50,50,52,52,54,54,56,57,57,57,112,4.0,64
2016-10-05,48.0,57.4,42.4,0.0,5.1,14.1,20.2,28.0,35.8,51,51,53,53,54,54,56,56,57,57,118,4.1,72
2016-10-06,49.3,57.9,44.6,0.01,5.0,14.1,19.9,27.9,36.0,51,51,52,52,54,54,55,55,57,57,107,4.4,70
2016-10-07,50.5,57.2,46.0,0.21,5.0,19.9,20.0,28.1,35.3,51,51,52,52,53,53,55,55,56,56,150,7.1,80
2016-10-08,56.5,71.2,48.7,0.04,5.2,18.7,20.0,27.5,35.3,54,54,55,54,54,54,55,55,56,56,123,6.1,72
2016-10-09,54.1,60.8,48.9,0.83,12.0,40.4,33.2,27.9,35.5,53,53,53,53,54,54,55,55,56,56,233,7.3,83
2016-10-10,43.2,53.6,26.6,0.28,20.3,29.4,30.7,28.1,35.5,47,47,49,49,52,53,55,55,56,56,309,5.5,84
2016-10-11,36.7,52.2,24.3,0.0,18.9,27.6,29.5,27.8,35.5,44,45,47,47,50,50,53,53,56,56,145,1.9,76
2016-10-12,44.1,59.2,31.3,0.01,18.4,26.9,29.0,27.5,35.4,45,46,47,47,49,49,52,52,55,55,104,5.6,74
2016-10-13,48.0,50.7,45.0,0.68,27.5,42.1,39.9,27.6,35.7,48,48,48,48,48,49,51,52,55,55,106,7.0,71
2016-10-14,51.3,59.0,45.3,0.22,24.2,31.9,33.6,27.8,35.7,48,48,49,49,49,50,51,52,54,54,192,8.1,74
2016-10-15,48.6,56.1,44.6,0.42,30.7,38.6,37.5,27.6,35.9,49,49,49,49,49,50,51,52,54,54,121,6.1,77
2016-10-16,50.2,58.5,41.9,0.11,27.7,37.6,35.1,27.6,35.9,49,49,49,49,50,50,51,51,54,54,176,6.8,75
2016-10-17,45.3,48.9,39.0,0.3,29.1,35.7,37.0,27.6,35.2,46,46,47,47,49,49,51,51,54,54,201,7.7,87
2016-10-18,44.6,51.8,39.2,0.05,27.5,34.2,36.3,27.6,34.7,46,46,47,47,48,48,51,51,53,54,205,5.9,84
2016-10-19,46.4,57.6,33.3,0.0,25.9,32.8,35.3,28.2,34.6,46,46,47,47,48,49,50,50,53,53,128,4.7,74
2016-10-20,48.0,52.3,44.1,0.36,31.0,36.9,38.5,29.0,34.6,48,48,48,48,48,48,50,50,53,53,116,7.4,79
2016-10-21,48.2,50.5,45.0,0.62,33.2,40.0,40.7,36.7,34.6,48,49,49,49,49,49,50,50,53,53,120,3.9,86
2016-10-22,47.5,55.8,40.6,0.01,28.5,34.8,37.2,36.3,35.4,47,47,48,48,49,49,50,50,53,53,126,4.8,82
2016-10-23,51.1,60.6,45.3,0.0,27.2,33.6,36.2,35.5,35.4,48,48,48,49,49,49,50,50,52,53,102,5.6,79
2016-10-24,56.3,63.9,50.0,0.07,26.8,32.9,35.7,34.7,34.1,50,50,50,50,49,50,50,51,52,53,106,7.8,62
2016-10-25,50.4,57.0,45.9,0.3,31.3,39.0,37.7,34.9,35.3,50,50,50,50,50,50,51,51,52,53,111,3.3,73
2016-10-26,52.9,57.4,48.6,0.09,29.5,35.7,37.7,36.2,35.3,51,51,51,51,51,51,51,51,52,53,100,5.7,82
2016-10-27,48.7,54.7,45.0,0.18,30.9,37.2,38.2,36.1,34.1,49,49,50,50,50,50,51,51,52,53,264,4.1,86
2016-10-28,44.6,56.3,34.9,0.0,28.6,34.7,37.0,35.5,35.3,46,46,48,48,49,49,51,51,52,53,102,4.0,83
2016-10-29,44.1,54.0,34.0,0.17,30.6,36.5,37.4,35.8,34.5,46,46,47,47,48,48,50,50,52,53,108,5.9,91
2016-10-30,51.1,62.2,43.9,0.7,35.6,41.8,43.6,40.3,34.8,49,49,49,49,49,49,50,50,52,52,110,6.9,87
2016-10-31,45.5,52.2,38.5,0.08,30.0,35.6,37.7,37.3,35.3,45,45,46,46,48,48,50,50,52,52,196,9.2,84
2016-11-01,45.0,53.8,39.9,0.0,28.7,34.3,37.0,36.0,34.7,45,45,46,46,47,47,49,49,52,52,121,5.6,78
2016-11-02,48.4,60.6,40.3,0.0,27.5,33.5,36.0,35.9,35.3,46,46,47,47,47,47,49,49,52,52,102,7.0,76
2016-11-03,51.3,63.9,42.6,0.0,27.0,33.3,35.9,35.4,34.7,47,47,47,47,48,48,49,49,51,52,110,5.4,67
2016-11-04,51.6,64.4,44.8,0.0,26.2,32.5,35.3,34.6,34.6,46,46,47,47,48,48,49,49,51,51,105,6.9,63
2016-11-05,50.7,65.3,39.7,0.0,25.6,31.8,35.0,34.9,34.6,46,46,47,47,47,48,49,49,51,51,106,6.0,60
2016-11-06,46.0,54.0,38.5,0.08,26.6,32.5,35.1,34.5,34.6,45,45,46,46,47,47,49,49,51,51,210,6.1,73
2016-11-07,50.5,61.7,42.3,0.0,25.9,32.3,35.1,34.1,35.3,47,47,47,47,47,47,49,49,51,51,99,6.5,70
2016-11-08,55.4,67.1,49.6,0.0,25.0,32.0,34.4,34.3,34.1,48,48,48,48,48,48,49,49,51,51,104,7.8,60
2016-11-09,52.9,63.7,40.1,0.0,24.5,31.2,34.5,34.2,34.4,47,47,48,48,49,49,49,49,51,51,126,5.1,61
2016-11-10,52.7,65.5,43.7,0.0,24.1,31.0,34.1,34.2,34.8,47,47,48,48,48,48,49,49,51,51,98,6.9,64
2016-11-11,55.8,68.2,48.6,0.0,23.4,30.5,33.8,33.7,34.7,48,48,48,48,48,49,49,49,51,51,102,7.0,57
2016-11-12,53.6,62.1,40.3,0.0,22.9,30.5,33.6,33.9,34.7,47,48,48,48,49,49,49,49,51,51,216,7.8,59
2016-11-13,45.0,53.2,34.3,0.09,23.9,30.5,33.4,33.6,34.7,47,47,47,47,47,47,49,49,51,51,112,5.0,76
2016-11-14,48.2,54.5,45.9,0.36,33.1,37.2,34.7,33.7,34.7,47,47,47,47,47,48,49,49,51,51,140,6.3,82
2016-11-15,46.9,54.7,39.6,0.37,31.0,36.2,38.0,36.3,34.7,45,45,46,46,47,48,49,49,51,51,206,9.7,87
2016-11-16,36.3,42.4,28.6,0.02,29.2,34.3,36.9,36.1,34.7,40,40,42,42,45,45,48,48,51,51,235,8.8,86
2016-11-17,35.1,43.5,28.6,0.0,28.4,33.9,36.3,35.8,34.7,39,39,40,40,43,43,47,47,51,51,105,4.0,88
2016-11-18,35.4,39.0,31.1,0.0,27.5,33.2,35.9,35.1,34.4,38,38,39,39,41,41,46,46,50,50,99,8.1,88
2016-11-19,40.8,44.6,38.5,0.2,30.9,35.9,37.0,35.2,35.0,40,40,40,40,42,42,45,45,50,50,107,6.4,84
2016-11-20,42.3,49.1,37.4,0.34,33.2,38.0,39.8,36.8,35.0,42,42,42,42,42,42,45,45,49,49,106,5.7,85
2016-11-21,41.2,45.5,36.0,0.01,30.2,35.2,37.5,36.6,35.2,42,42,42,42,43,43,45,45,49,49,166,3.8,88
2016-11-22,38.5,45.9,32.7,0.0,29.2,34.3,37.0,36.4,34.5,39,39,40,40,42,42,45,45,49,49,105,5.5,89
2016-11-23,37.6,42.4,32.4,0.21,30.9,36.0,38.2,36.8,35.1,38,38,39,39,41,42,45,45,48,48,180,7.1,92
2016-11-24,37.2,40.5,32.9,0.0,29.5,34.5,37.1,37.0,34.5,38,38,39,39,40,40,44,44,48,48,106,8.3,90
2016-11-25,41.4,44.6,39.0,0.07,30.0,35.2,37.0,36.5,34.5,40,40,40,40,41,41,44,44,48,48,128,6.3,85
2016-11-26,41.4,45.7,37.0,0.0,29.0,33.9,36.7,36.5,34.8,38,39,39,39,41,41,44,44,47,48,103,7.1,84
2016-11-27,37.0,39.9,32.4,0.02,28.6,33.8,36.2,36.1,35.1,38,38,38,39,40,40,43,44,47,47,227,8.0,84
2016-11-28,33.8,38.7,30.2,0.39,32.1,36.7,38.9,37.8,35.1,36,36,37,37,39,39,43,43,47,47,250,7.4,92
2016-11-29,34.7,41.5,31.8,0.0,30.3,35.2,37.6,37.4,37.5,36,36,37,37,39,39,42,43,47,47,274,5.0,91
2016-11-30,34.3,38.5,31.8,0.18,32.9,38.2,38.8,36.9,46.4,36,36,37,37,38,38,42,42,47,47,144,7.7,94
2016-12-01,33.4,39.9,27.1,0.0,29.9,34.9,37.2,37.4,49.8,35,35,36,36,38,38,42,42,46,46,238,7.9,91
2016-12-02,31.8,35.4,27.1,0.01,29.2,34.0,36.5,37.0,52.4,35,35,35,36,37,37,41,42,46,46,108,5.4,92
2016-12-03,38.1,41.4,32.9,0.01,29.2,34.2,36.7,36.8,51.2,37,37,37,37,38,38,41,41,46,46,235,10.0,86
2016-12-04,34.2,38.8,24.1,0.19,30.5,35.3,37.9,37.1,52.9,34,35,36,36,38,38,41,41,46,46,250,14.0,90
2016-12-05,26.4,32.0,16.7,0.0,27.5,33.1,36.2,36.7,52.3,33,34,35,35,37,37,41,41,45,46,119,4.6,89
2016-12-06,22.8,27.1,13.6,0.1,28.1,33.1,35.6,37.0,52.4,33,34,34,34,36,36,40,40,45,45,359,4.9,91
2016-12-07,17.2,26.8,6.3,0.0,27.1,32.8,35.7,36.6,52.5,33,33,34,34,36,36,40,40,45,45,107,2.5,85
2016-12-08,19.6,24.1,14.5,0.0,25.3,31.6,34.8,36.3,50.9,33,33,34,34,36,36,40,40,45,45,101,7.2,87
2016-12-09,24.4,29.3,21.0,0.0,26.3,31.6,34.9,35.9,50.6,33,33,34,34,35,36,39,39,44,44,128,5.8,94
2016-12-10,24.1,31.3,18.3,0.0,27.0,32.4,34.9,35.9,50.3,33,33,34,34,35,36,39,39,44,44,104,7.1,94
2016-12-11,31.3,34.7,27.3,0.26,27.8,33.0,34.8,35.6,49.0,33,33,34,34,35,36,39,39,44,44,198,9.0,93
2016-12-12,25.2,30.4,22.5,0.0,28.3,33.3,35.1,35.8,47.4,33,33,34,34,35,36,39,39,44,44,309,4.4,95
2016-12-13,22.1,25.5,9.7,0.09,28.5,33.2,35.4,35.8,46.8,33,34,34,34,35,36,39,39,43,44,294,1.6,92
2016-12-14,22.6,28.2,12.4,0.0,28.5,33.5,35.7,35.2,47.0,33,34,34,34,35,36,39,39,43,43,97,4.8,93
2016-12-15,15.3,26.6,13.5,0.0,28.5,33.5,35.9,35.8,46.3,34,34,34,35,35,36,39,39,43,43,310,4.3,92
2016-12-17,5.0,11.7,3.9,,28.0,33.2,35.7,35.3,45.5,33,34,34,34,35,36,38,39,43,43,102,4.7,86
2016-12-18,15.4,19.8,10.2,0.0,27.6,32.8,35.4,35.3,45.5,33,33,34,34,35,36,38,39,43,43,105,11.7,92
2016-12-19,24.3,28.9,18.1,0.0,27.5,33.0,35.5,35.4,,,,,,,,,,,,113,13.7,90
2016-12-20,32.4,42.3,26.2,0.23,29.2,33.9,35.9,35.7,45.7,33,34,34,34,35,35,38,38,42,43,200,13.7,87
2016-12-21,27.3,33.8,21.4,0.0,,,,,,34,,34,,35,,38,,42,42,108,7.9,85
2016-12-22,27.1,30.2,24.6,0.0,29.0,33.8,36.5,35.9,47.3,33,34,34,34,35,36,38,38,42,42,103,12.1,78
2016-12-23,28.9,33.3,25.5,0.0,28.9,33.7,36.3,35.7,47.0,34,34,34,34,35,36,38,38,42,42,113,10.4,79
2016-12-24,27.0,30.0,23.2,0.0,29.1,34.4,36.5,36.1,47.0,34,34,34,35,35,36,38,38,42,42,273,6.8,86
2016-12-25,20.1,31.1,3.4,0.13,29.3,34.4,36.4,35.9,47.7,34,34,34,35,35,36,38,38,42,42,201,3.0,85
2016-12-26,23.7,26.8,19.6,0.0,,,,,,34,,34,,35,,38,,42,42,107,10.5,87
2016-12-27,30.0,35.6,23.7,0.03,,,,,,,,,,,,,,,,199,18.5,90
